state,"Population estimates, July 1, 2016,  (V2016)","Population estimates base, April 1, 2010,  (V2016)","Population, percent change - April 1, 2010 (estimates base) to July 1, 2016,  (V2016)","Persons under 5 years, percent, July 1, 2016,  (V2016)","Persons under 5 years, percent, April 1, 2010","Persons under 18 years, percent, July 1, 2016,  (V2016)","Persons under 18 years, percent, April 1, 2010","Persons 65 years and over, percent,  July 1, 2016,  (V2016)","Persons 65 years and over, percent, April 1, 2010","Female persons, percent,  July 1, 2016,  (V2016)","Female persons, percent, April 1, 2010","White alone, percent, July 1, 2016,  (V2016)","Black or African American alone, percent, July 1, 2016,  (V2016)","American Indian and Alaska Native alone, percent, July 1, 2016,  (V2016)","Asian alone, percent, July 1, 2016,  (V2016)","Native Hawaiian and Other Pacific Islander alone, percent, July 1, 2016,  (V2016)","Two or More Races, percent, July 1, 2016,  (V2016)","Hispanic or Latino, percent, July 1, 2016,  (V2016)","White alone, not Hispanic or Latino, percent, July 1, 2016,  (V2016)","Veterans, 2011-2015","Foreign born persons, percent, 2011-2015","Housing units,  July 1, 2016,  (V2016)","Housing units, April 1, 2010","Owner-occupied housing unit rate, 2011-2015","Median value of owner-occupied housing units, 2011-2015","Median selected monthly owner costs -with a mortgage, 2011-2015","Median selected monthly owner costs -without a mortgage, 2011-2015","Median gross rent, 2011-2015","Building permits, 2016","Households, 2011-2015","Persons per household, 2011-2015","Living in same house 1 year ago, percent of persons age 1 year+, 2011-2015","Language other than English spoken at home, percent of persons age 5 years+, 2011-2015","High school graduate or higher, percent of persons age 25 years+, 2011-2015","Bachelor's degree or higher, percent of persons age 25 years+, 2011-2015","With a disability, under age 65 years, percent, 2011-2015","Persons  without health insurance, under age 65 years, percent","In civilian labor force, total, percent of population age 16 years+, 2011-2015","In civilian labor force, female, percent of population age 16 years+, 2011-2015","Total accommodation and food services sales, 2012 ($1,000)","Total health care and social assistance receipts/revenue, 2012 ($1,000)","Total manufacturers shipments, 2012 ($1,000)","Total merchant wholesaler sales, 2012 ($1,000)","Total retail sales, 2012 ($1,000)","Total retail sales per capita, 2012","Mean travel time to work (minutes), workers age 16 years+, 2011-2015","Median household income (in 2015 dollars), 2011-2015","Per capita income in past 12 months (in 2015 dollars), 2011-2015","Persons in poverty, percent","Total employer establishments, 2015","Total employment, 2015","Total annual payroll, 2015 ($1,000)","Total employment, percent change, 2014-2015","Total nonemployer establishments, 2015","All firms, 2012","Men-owned firms, 2012","Women-owned firms, 2012","Minority-owned firms, 2012","Nonminority-owned firms, 2012","Veteran-owned firms, 2012","Nonveteran-owned firms, 2012","Population per square mile, 2010","Land area in square miles, 2010"
alabama,4863300.0,4780131.0,0.017,0.06,0.064,0.226,0.237,0.161,0.138,0.516,0.515,0.693,0.268,0.006999999999999999,0.013999999999999999,0.001,0.016,0.042,0.6579999999999999,363170.0,0.035,2230185.0,2171853.0,0.687,125500.0,1139.0,345.0,717.0,15001.0,1848325.0,2.55,0.853,0.052000000000000005,0.843,0.235,0.11800000000000001,0.107,0.58,0.53,7576462.0,26039632.0,124809759.0,57746565.0,58564965.0,12145.0,24.4,43623.0,24091.0,0.171,98540.0,1634391.0,67370353.0,0.019,322025.0,374153.0,203604.0,137630.0,92219.0,272651.0,41943.0,316984.0,94.4,50645.33
alaska,741894.0,710249.0,0.045,0.073,0.076,0.252,0.264,0.10400000000000001,0.077,0.47700000000000004,0.48,0.6609999999999999,0.038,0.152,0.063,0.013000000000000001,0.073,0.07,0.612,69323.0,0.07400000000000001,310658.0,306967.0,0.634,250000.0,1827.0,554.0,1146.0,1503.0,250969.0,2.81,0.809,0.162,0.9209999999999999,0.28,0.081,0.155,0.677,0.65,2221335.0,6375483.0,,5216303.0,10474275.0,14320.0,19.0,72515.0,33413.0,0.099,20907.0,267999.0,15643303.0,0.004,55521.0,68032.0,35402.0,22141.0,13688.0,51147.0,7953.0,56091.0,1.2,570640.95
arizona,6931071.0,6392301.0,0.084,0.063,0.071,0.235,0.255,0.16899999999999998,0.138,0.503,0.503,0.833,0.049,0.054000000000000006,0.034,0.003,0.027999999999999997,0.309,0.555,505794.0,0.135,2961003.0,2844526.0,0.628,167500.0,1343.0,380.0,913.0,35578.0,2412212.0,2.69,0.813,0.26899999999999996,0.86,0.275,0.08199999999999999,0.11900000000000001,0.593,0.545,13996635.0,37055881.0,51243473.0,69437272.0,84716542.0,12927.0,24.8,50255.0,25848.0,0.16399999999999998,136352.0,2295186.0,102671393.0,0.024,451951.0,499926.0,245243.0,182425.0,135313.0,344981.0,46780.0,427582.0,56.3,113594.08
arkansas,2988248.0,2916025.0,0.025,0.064,0.068,0.23600000000000002,0.244,0.163,0.14400000000000002,0.509,0.509,0.794,0.157,0.01,0.016,0.003,0.02,0.073,0.7290000000000001,220953.0,0.047,1354762.0,1316299.0,0.6609999999999999,111400.0,1019.0,327.0,677.0,9474.0,1138025.0,2.53,0.8390000000000001,0.07200000000000001,0.848,0.21100000000000002,0.12300000000000001,0.09300000000000001,0.585,0.5329999999999999,4307264.0,15792628.0,62712925.0,31256110.0,36815256.0,12483.0,21.6,41371.0,22798.0,0.172,65175.0,1003113.0,39451191.0,0.011000000000000001,198380.0,231959.0,123158.0,75962.0,35982.0,189029.0,25915.0,192988.0,56.0,52035.48
california,39250017.0,37254522.0,0.054000000000000006,0.063,0.068,0.23199999999999998,0.25,0.136,0.114,0.503,0.503,0.727,0.065,0.017,0.14800000000000002,0.005,0.038,0.389,0.377,1777410.0,0.27,14060525.0,13680081.0,0.5429999999999999,385500.0,2155.0,500.0,1255.0,102350.0,12717801.0,2.96,0.852,0.439,0.818,0.314,0.068,0.083,0.631,0.5720000000000001,90830372.0,248953592.0,512303164.0,666652186.0,481800461.0,12665.0,28.0,61818.0,30318.0,0.14300000000000002,908120.0,14325377.0,856954246.0,0.035,3206958.0,3548449.0,1852580.0,1320085.0,1619857.0,1819107.0,252377.0,3176341.0,239.1,155779.22
colorado,5540545.0,5029324.0,0.102,0.061,0.068,0.228,0.244,0.134,0.109,0.49700000000000005,0.499,0.875,0.045,0.016,0.033,0.002,0.03,0.213,0.6859999999999999,391725.0,0.098,2339118.0,2212898.0,0.643,247800.0,1577.0,419.0,1002.0,38974.0,2024468.0,2.55,0.8079999999999999,0.16899999999999998,0.907,0.381,0.07200000000000001,0.086,0.6759999999999999,0.626,13617654.0,29488161.0,50447098.0,77034971.0,67815200.0,13073.0,24.8,60629.0,32217.0,0.11,161737.0,2253795.0,117539555.0,0.033,480847.0,547352.0,284554.0,194508.0,85849.0,442365.0,51722.0,469524.0,48.5,103641.89
connecticut,3576452.0,3574114.0,0.001,0.052000000000000005,0.057,0.21100000000000002,0.22899999999999998,0.161,0.142,0.512,0.513,0.8059999999999999,0.11800000000000001,0.005,0.047,0.001,0.023,0.157,0.677,199331.0,0.139,1499116.0,1487891.0,0.67,270500.0,2067.0,833.0,1075.0,5504.0,1352583.0,2.57,0.878,0.21899999999999997,0.899,0.376,0.071,0.057,0.672,0.628,9542068.0,29573119.0,55160095.0,161962244.0,51632467.0,14381.0,25.4,70331.0,38803.0,0.098,89232.0,1503102.0,92555072.0,0.012,272809.0,326693.0,187845.0,106678.0,56113.0,259614.0,31056.0,281182.0,738.1,4842.36
delaware,952065.0,897936.0,0.06,0.057999999999999996,0.062,0.215,0.22899999999999998,0.175,0.14400000000000002,0.516,0.516,0.701,0.226,0.006,0.04,0.001,0.026000000000000002,0.092,0.629,71213.0,0.087,426149.0,405885.0,0.7120000000000001,231500.0,1537.0,445.0,1018.0,5804.0,344022.0,2.62,0.866,0.129,0.884,0.3,0.085,0.066,0.631,0.594,2148437.0,7003251.0,22597384.0,5628914.0,14456001.0,15763.0,25.5,60509.0,30554.0,0.11699999999999999,24852.0,397385.0,21305227.0,0.015,60734.0,73418.0,38328.0,23964.0,14440.0,54782.0,7206.0,60318.0,460.8,1948.54
florida,20612439.0,18804592.0,0.096,0.055,0.057,0.201,0.213,0.19899999999999998,0.17300000000000001,0.511,0.511,0.7759999999999999,0.168,0.005,0.028999999999999998,0.001,0.021,0.249,0.5489999999999999,1507738.0,0.19699999999999998,9301642.0,8989580.0,0.653,159000.0,1435.0,463.0,1002.0,116240.0,7300494.0,2.63,0.838,0.281,0.8690000000000001,0.273,0.085,0.153,0.588,0.547,49817925.0,124061425.0,96924106.0,252626608.0,273867145.0,14177.0,26.4,47507.0,26829.0,0.147,532830.0,7777990.0,337074525.0,0.045,2040339.0,2100187.0,1084885.0,807817.0,926112.0,1121749.0,185756.0,1846686.0,350.6,53624.76
georgia,10310371.0,9688680.0,0.064,0.064,0.071,0.244,0.257,0.131,0.107,0.513,0.512,0.612,0.32,0.005,0.040999999999999995,0.001,0.021,0.094,0.534,670617.0,0.098,4218776.0,4088801.0,0.633,148100.0,1346.0,392.0,879.0,51675.0,3574362.0,2.73,0.84,0.136,0.8540000000000001,0.28800000000000003,0.08800000000000001,0.14800000000000002,0.623,0.579,18976611.0,51800643.0,155836792.0,143645290.0,119801495.0,12077.0,27.4,49620.0,25737.0,0.16,224593.0,3692490.0,174839354.0,0.04,870897.0,929864.0,480578.0,376506.0,371588.0,538893.0,96787.0,800585.0,168.4,57513.49
hawaii,1428557.0,1360301.0,0.05,0.064,0.064,0.21600000000000003,0.223,0.171,0.14300000000000002,0.498,0.499,0.258,0.022000000000000002,0.004,0.377,0.102,0.237,0.10400000000000001,0.221,110238.0,0.177,537114.0,519508.0,0.569,515300.0,2270.0,505.0,1438.0,3369.0,450572.0,3.02,0.851,0.252,0.91,0.308,0.065,0.042,0.615,0.588,9536706.0,8136947.0,,9607982.0,18901745.0,13576.0,26.8,69515.0,29822.0,0.09300000000000001,31915.0,523677.0,22068393.0,0.009000000000000001,104707.0,118454.0,60409.0,44453.0,74208.0,38510.0,11148.0,101334.0,211.8,6422.63
idaho,1683140.0,1567650.0,0.07400000000000001,0.068,0.078,0.26,0.27399999999999997,0.151,0.124,0.499,0.499,0.9329999999999999,0.008,0.018000000000000002,0.015,0.002,0.024,0.12300000000000001,0.8240000000000001,119711.0,0.061,700825.0,667796.0,0.6890000000000001,162900.0,1189.0,340.0,743.0,12165.0,589320.0,2.69,0.8240000000000001,0.106,0.895,0.259,0.09,0.11800000000000001,0.626,0.568,2680225.0,7895614.0,20201432.0,17906012.0,20444278.0,12812.0,20.2,47583.0,23399.0,0.14400000000000002,44757.0,546524.0,21119617.0,0.03,122221.0,146642.0,70438.0,45121.0,10592.0,130973.0,12804.0,124314.0,19.0,82643.12
illinois,12801539.0,12831574.0,-0.002,0.06,0.065,0.22899999999999998,0.244,0.146,0.125,0.509,0.51,0.772,0.147,0.006,0.055,0.001,0.019,0.17,0.617,668933.0,0.14,5326970.0,5296715.0,0.664,173800.0,1636.0,574.0,907.0,22603.0,4786388.0,2.63,0.868,0.22699999999999998,0.879,0.32299999999999995,0.071,0.07400000000000001,0.6559999999999999,0.607,27937381.0,83431778.0,281037755.0,295456992.0,166634514.0,12942.0,28.4,57574.0,30494.0,0.13,318266.0,5427549.0,289183546.0,0.022000000000000002,968330.0,1135017.0,609648.0,417500.0,311684.0,795129.0,89110.0,1006885.0,231.1,55518.93
indiana,6633053.0,6484136.0,0.023,0.064,0.067,0.23800000000000002,0.248,0.149,0.13,0.507,0.508,0.856,0.09699999999999999,0.004,0.022000000000000002,0.001,0.02,0.068,0.7959999999999999,426493.0,0.048,2854546.0,2795541.0,0.69,124200.0,1102.0,378.0,745.0,18713.0,2501937.0,2.55,0.85,0.083,0.878,0.24100000000000002,0.09699999999999999,0.094,0.639,0.59,13076602.0,42493117.0,242763842.0,81173422.0,85857962.0,13133.0,23.3,49255.0,25346.0,0.141,145116.0,2660503.0,113315432.0,0.022000000000000002,403546.0,479059.0,253533.0,162798.0,61252.0,405090.0,45174.0,412543.0,181.0,35826.11
iowa,3134693.0,3046869.0,0.028999999999999998,0.064,0.066,0.233,0.239,0.16399999999999998,0.149,0.503,0.505,0.914,0.037000000000000005,0.005,0.025,0.001,0.018000000000000002,0.057999999999999996,0.862,211066.0,0.047,1380162.0,1336417.0,0.715,129200.0,1171.0,434.0,697.0,14317.0,1236409.0,2.42,0.848,0.07400000000000001,0.915,0.267,0.079,0.05,0.6759999999999999,0.633,5468687.0,18583828.0,116668830.0,62318301.0,44905624.0,14607.0,18.9,53183.0,27950.0,0.11800000000000001,80952.0,1338418.0,55079743.0,0.017,207167.0,259121.0,135382.0,82345.0,14707.0,236561.0,25889.0,217779.0,54.5,55857.13
kansas,2907289.0,2853129.0,0.019,0.067,0.07200000000000001,0.24600000000000002,0.255,0.15,0.132,0.502,0.504,0.866,0.062,0.012,0.03,0.001,0.028999999999999998,0.11599999999999999,0.763,198396.0,0.069,1259864.0,1233215.0,0.667,132000.0,1282.0,455.0,757.0,9807.0,1113472.0,2.53,0.835,0.113,0.902,0.31,0.086,0.10099999999999999,0.6629999999999999,0.616,4873411.0,18248370.0,86076260.0,60226324.0,38276461.0,13263.0,19.1,52205.0,27706.0,0.121,74526.0,1189876.0,51259676.0,0.01,195777.0,239118.0,125169.0,77194.0,26127.0,204562.0,21610.0,203401.0,34.9,81758.72
kentucky,4436974.0,4339344.0,0.022000000000000002,0.062,0.065,0.228,0.23600000000000002,0.156,0.133,0.507,0.508,0.88,0.083,0.003,0.015,0.001,0.019,0.035,0.85,297312.0,0.034,1965556.0,1927164.0,0.672,123200.0,1112.0,339.0,675.0,12714.0,1708499.0,2.5,0.847,0.051,0.8420000000000001,0.223,0.129,0.06,0.591,0.5489999999999999,7500115.0,26264745.0,129284438.0,71745899.0,54869978.0,12526.0,23.0,43740.0,24063.0,0.185,91845.0,1579477.0,63741066.0,0.028999999999999998,280835.0,331546.0,184154.0,106011.0,27258.0,296155.0,33208.0,282704.0,109.9,39486.34
louisiana,4681666.0,4533479.0,0.033,0.066,0.069,0.23800000000000002,0.247,0.14400000000000002,0.12300000000000001,0.511,0.51,0.632,0.326,0.008,0.018000000000000002,0.001,0.016,0.05,0.59,281989.0,0.04,2036975.0,1964981.0,0.6579999999999999,144100.0,1200.0,317.0,788.0,14503.0,1727919.0,2.6,0.863,0.085,0.8340000000000001,0.225,0.11,0.11900000000000001,0.604,0.56,11697949.0,27951792.0,271191050.0,68012838.0,61396364.0,13342.0,25.1,45047.0,24981.0,0.20199999999999999,105575.0,1724973.0,76684760.0,0.004,358223.0,414291.0,215111.0,151114.0,126100.0,277676.0,42211.0,354460.0,104.9,43203.9
maine,1331479.0,1328364.0,0.002,0.049,0.052000000000000005,0.191,0.207,0.19399999999999998,0.159,0.51,0.511,0.948,0.015,0.006999999999999999,0.012,,0.017,0.016,0.935,119058.0,0.035,730705.0,721830.0,0.7120000000000001,173800.0,1336.0,477.0,777.0,4010.0,553284.0,2.34,0.8590000000000001,0.066,0.9159999999999999,0.29,0.11900000000000001,0.099,0.634,0.599,2901347.0,10297043.0,16044543.0,12961262.0,21521714.0,16192.0,23.6,49331.0,27655.0,0.125,40801.0,500549.0,20413159.0,0.016,113012.0,139570.0,79243.0,42067.0,4339.0,131322.0,15689.0,115839.0,43.1,30842.92
maryland,6016447.0,5773786.0,0.042,0.061,0.063,0.22399999999999998,0.23399999999999999,0.146,0.12300000000000001,0.516,0.516,0.593,0.307,0.006,0.066,0.001,0.027999999999999997,0.098,0.515,403900.0,0.145,2447127.0,2378814.0,0.6679999999999999,286900.0,1951.0,582.0,1230.0,17044.0,2166389.0,2.67,0.866,0.172,0.894,0.379,0.071,0.07,0.679,0.6409999999999999,12516782.0,40821901.0,39532989.0,60734191.0,76379707.0,12980.0,32.3,74551.0,36897.0,0.09699999999999999,137204.0,2239817.0,118496858.0,0.01,475518.0,531953.0,276630.0,209119.0,203394.0,314902.0,50976.0,462232.0,594.8,9707.24
massachusetts,6811779.0,6547813.0,0.04,0.053,0.055999999999999994,0.20199999999999999,0.217,0.158,0.138,0.515,0.516,0.818,0.086,0.005,0.067,0.001,0.023,0.115,0.73,355083.0,0.155,2858026.0,2808254.0,0.621,333100.0,2063.0,717.0,1102.0,16288.0,2549721.0,2.53,0.871,0.225,0.898,0.405,0.079,0.028999999999999998,0.675,0.634,17508975.0,63583090.0,81927799.0,123904370.0,92915380.0,13980.0,28.7,68563.0,36895.0,0.10400000000000001,175225.0,3167329.0,198026611.0,0.026000000000000002,514298.0,607664.0,357158.0,199210.0,89967.0,499959.0,58339.0,525667.0,839.4,7800.06
michigan,9928300.0,9884129.0,0.004,0.057999999999999996,0.06,0.221,0.237,0.162,0.138,0.508,0.509,0.7959999999999999,0.142,0.006999999999999999,0.031,,0.024,0.05,0.754,626722.0,0.063,4560055.0,4532233.0,0.71,122400.0,1257.0,461.0,783.0,20408.0,3841148.0,2.52,0.853,0.092,0.8959999999999999,0.26899999999999996,0.10300000000000001,0.063,0.612,0.5710000000000001,17962356.0,63018786.0,238892383.0,115704903.0,119302046.0,12071.0,24.2,49576.0,26607.0,0.15,219627.0,3725280.0,174873962.0,0.032,700254.0,834087.0,446128.0,306986.0,158946.0,657237.0,71861.0,733517.0,174.8,56538.9
minnesota,5519952.0,5303924.0,0.040999999999999995,0.064,0.067,0.233,0.242,0.151,0.129,0.502,0.504,0.85,0.062,0.013000000000000001,0.049,0.001,0.024,0.052000000000000005,0.8059999999999999,342388.0,0.077,2409935.0,2347201.0,0.7170000000000001,186200.0,1490.0,479.0,848.0,21449.0,2124745.0,2.49,0.855,0.11,0.924,0.337,0.071,0.048,0.7,0.662,11722627.0,40403572.0,123076309.0,104485117.0,78898182.0,14667.0,23.1,61492.0,32157.0,0.099,148666.0,2612314.0,133092716.0,0.018000000000000002,397378.0,489494.0,268710.0,157821.0,47302.0,428716.0,45582.0,419628.0,66.6,79626.74
mississippi,2988726.0,2968103.0,0.006999999999999999,0.063,0.071,0.24100000000000002,0.255,0.151,0.128,0.515,0.514,0.593,0.377,0.006,0.011000000000000001,0.001,0.012,0.031,0.569,184774.0,0.023,1307441.0,1274719.0,0.684,103100.0,1077.0,341.0,717.0,6886.0,1096593.0,2.64,0.861,0.039,0.823,0.207,0.11900000000000001,0.139,0.575,0.537,6999175.0,16630587.0,66441608.0,28302952.0,37053190.0,12413.0,24.1,39665.0,21057.0,0.20800000000000002,58662.0,926391.0,33948151.0,0.016,211955.0,235454.0,125079.0,89159.0,74824.0,155094.0,26789.0,198566.0,63.2,46923.27
missouri,6093000.0,5988928.0,0.017,0.061,0.065,0.228,0.23800000000000002,0.161,0.14,0.509,0.51,0.8320000000000001,0.11800000000000001,0.006,0.02,0.001,0.022000000000000002,0.040999999999999995,0.797,451342.0,0.039,2760084.0,2712729.0,0.672,138400.0,1210.0,402.0,746.0,18997.0,2364688.0,2.48,0.8390000000000001,0.06,0.884,0.271,0.10400000000000001,0.105,0.632,0.593,12430310.0,40089316.0,111535362.0,91916351.0,90546581.0,15036.0,23.2,48173.0,26259.0,0.14,158191.0,2442316.0,109135528.0,0.016,402091.0,491606.0,257948.0,162616.0,61035.0,415972.0,49217.0,415542.0,87.1,68741.52
montana,1042520.0,989414.0,0.054000000000000006,0.06,0.063,0.218,0.226,0.177,0.14800000000000002,0.49700000000000005,0.498,0.892,0.006,0.066,0.008,0.001,0.027000000000000003,0.036000000000000004,0.865,90000.0,0.021,497756.0,482825.0,0.672,193500.0,1294.0,387.0,711.0,4781.0,409394.0,2.41,0.836,0.040999999999999995,0.9279999999999999,0.295,0.091,0.098,0.636,0.595,2420455.0,6469475.0,11535236.0,12645824.0,15623573.0,15544.0,18.1,47169.0,26381.0,0.133,37270.0,375041.0,14227065.0,0.031,86969.0,112419.0,55913.0,35449.0,5578.0,102746.0,11486.0,93393.0,6.8,145545.8
nebraska,1907116.0,1826334.0,0.044000000000000004,0.07,0.07200000000000001,0.248,0.251,0.15,0.135,0.502,0.504,0.889,0.05,0.013999999999999999,0.025,0.001,0.021,0.107,0.7959999999999999,132918.0,0.066,827156.0,796793.0,0.662,133200.0,1270.0,471.0,726.0,8078.0,736613.0,2.47,0.8370000000000001,0.10800000000000001,0.907,0.293,0.073,0.099,0.6990000000000001,0.652,3094498.0,12869418.0,57499177.0,42618995.0,30470717.0,16422.0,18.3,52997.0,27882.0,0.114,53719.0,870279.0,36967924.0,0.023,131518.0,164089.0,83696.0,51936.0,14571.0,144122.0,16693.0,137254.0,23.8,76824.17
nevada,2940058.0,2700691.0,0.08900000000000001,0.063,0.069,0.23,0.24600000000000002,0.15,0.12,0.499,0.495,0.7509999999999999,0.096,0.016,0.087,0.008,0.042,0.285,0.499,220332.0,0.192,1221698.0,1173814.0,0.551,173700.0,1442.0,410.0,973.0,17952.0,1016709.0,2.72,0.7879999999999999,0.3,0.851,0.23,0.09,0.131,0.64,0.593,27481505.0,13928514.0,14719141.0,19841701.0,38234170.0,13858.0,23.9,51847.0,26541.0,0.138,63383.0,1129965.0,46595673.0,0.037000000000000005,205980.0,227156.0,114057.0,82508.0,71864.0,144944.0,23049.0,191293.0,24.6,109781.18
new hampshire,1334795.0,1316461.0,0.013999999999999999,0.048,0.053,0.195,0.218,0.17,0.135,0.505,0.507,0.938,0.015,0.003,0.027000000000000003,0.001,0.017,0.035,0.9079999999999999,106827.0,0.057,625307.0,614754.0,0.71,237300.0,1870.0,747.0,1000.0,3796.0,520251.0,2.47,0.865,0.079,0.9229999999999999,0.349,0.085,0.071,0.682,0.638,2942278.0,9616460.0,18895624.0,18029179.0,26018201.0,19700.0,26.9,66779.0,34362.0,0.073,37669.0,576424.0,28076320.0,0.023,104437.0,131638.0,76716.0,38525.0,6111.0,121297.0,16119.0,108817.0,147.0,8952.65
new jersey,8944469.0,8791953.0,0.017,0.057999999999999996,0.062,0.222,0.235,0.153,0.135,0.512,0.513,0.7240000000000001,0.15,0.006,0.098,0.001,0.022000000000000002,0.2,0.5579999999999999,393277.0,0.217,3604409.0,3553562.0,0.645,315900.0,2386.0,973.0,1192.0,26793.0,3189486.0,2.73,0.902,0.305,0.8859999999999999,0.368,0.066,0.092,0.659,0.606,19673558.0,60375232.0,108854971.0,288467844.0,133665728.0,15079.0,31.0,72093.0,36582.0,0.10400000000000001,230961.0,3558619.0,209072015.0,0.009000000000000001,670765.0,792088.0,464592.0,252944.0,237242.0,533808.0,57996.0,707975.0,1195.5,7354.22
new mexico,2081015.0,2059198.0,0.011,0.062,0.07,0.236,0.252,0.165,0.132,0.505,0.506,0.826,0.025,0.106,0.017,0.002,0.025,0.485,0.381,164157.0,0.098,917568.0,901388.0,0.681,160300.0,1227.0,327.0,777.0,4863.0,763603.0,2.67,0.857,0.357,0.842,0.263,0.101,0.108,0.591,0.549,4349672.0,11236630.0,29102352.0,10720363.0,25179274.0,12073.0,21.6,44963.0,24012.0,0.198,43793.0,626284.0,25145307.0,0.039,121279.0,151363.0,71132.0,59044.0,60622.0,83857.0,14096.0,128693.0,17.0,121298.15
new york,19745289.0,19378110.0,0.019,0.059,0.06,0.212,0.223,0.154,0.135,0.514,0.516,0.699,0.177,0.01,0.089,0.001,0.025,0.19,0.558,828586.0,0.225,8231687.0,8108103.0,0.536,283400.0,2022.0,709.0,1132.0,33711.0,7262279.0,2.63,0.891,0.304,0.856,0.342,0.074,0.07,0.633,0.587,49285508.0,155666053.0,148879931.0,341734970.0,251167736.0,12834.0,32.3,59269.0,33236.0,0.147,540298.0,7998994.0,513083321.0,0.018,1685636.0,2008988.0,1139910.0,725709.0,709021.0,1248304.0,137532.0,1811544.0,411.2,47126.4
north carolina,10146788.0,9535688.0,0.064,0.06,0.066,0.227,0.239,0.155,0.129,0.514,0.513,0.71,0.222,0.016,0.029,0.001,0.022,0.092,0.635,696119.0,0.077,4540498.0,4327528.0,0.651,154900.0,1248.0,373.0,797.0,60550.0,3775581.0,2.54,0.847,0.112,0.858,0.284,0.096,0.122,0.618,0.577,18622258.0,55227505.0,202344646.0,105275586.0,120691007.0,12376.0,23.9,46868.0,25920.0,0.154,223209.0,3670284.0,164936258.0,0.031,722639.0,805985.0,435677.0,287058.0,183380.0,603182.0,86571.0,684743.0,196.1,48617.91
north dakota,757952.0,672591.0,0.127,0.073,0.066,0.233,0.223,0.145,0.145,0.487,0.495,0.879,0.029,0.055,0.015,0.001,0.021,0.036,0.85,51179.0,0.032,368624.0,317498.0,0.641,153800.0,1243.0,423.0,709.0,3981.0,299638.0,2.32,0.822,0.056,0.917,0.277,0.068,0.081,0.693,0.65,2045123.0,5418355.0,14427360.0,28150837.0,15519816.0,22183.0,17.2,57181.0,32035.0,0.107,24848.0,365893.0,17184756.0,0.014,53263.0,68270.0,37016.0,20316.0,3190.0,62271.0,6584.0,56904.0,9.7,69000.8
ohio,11614373.0,11536727.0,0.007,0.06,0.062,0.225,0.237,0.162,0.141,0.51,0.512,0.825,0.128,0.003,0.022,0.001,0.022,0.037,0.795,806531.0,0.041,5164361.0,5127508.0,0.663,129900.0,1246.0,444.0,730.0,22816.0,4585084.0,2.46,0.853,0.067,0.891,0.261,0.099,0.066,0.633,0.59,20652777.0,80915693.0,313629976.0,155426023.0,153553997.0,13301.0,23.2,49429.0,26953.0,0.146,251668.0,4719985.0,213161303.0,0.018,763418.0,904814.0,510078.0,306824.0,122653.0,759569.0,91316.0,776193.0,282.3,40860.69
oklahoma,3923561.0,3751615.0,0.046,0.068,0.07,0.245,0.248,0.15,0.135,0.505,0.505,0.746,0.078,0.092,0.022,0.002,0.061,0.103,0.662,295847.0,0.058,1721045.0,1664378.0,0.661,117900.0,1147.0,370.0,727.0,12092.0,1455321.0,2.57,0.826,0.098,0.869,0.241,0.113,0.161,0.611,0.557,7121153.0,22795438.0,74295394.0,71892946.0,50256231.0,13174.0,21.3,46879.0,25032.0,0.163,93093.0,1370988.0,59124620.0,0.008,276218.0,327229.0,174395.0,105168.0,64875.0,249027.0,36273.0,273491.0,54.7,68594.92
oregon,4093465.0,3831072.0,0.068,0.058,0.062,0.212,0.226,0.168,0.139,0.505,0.505,0.874,0.021,0.018,0.045,0.004,0.038,0.128,0.764,306723.0,0.099,1732786.0,1675562.0,0.613,237300.0,1557.0,469.0,907.0,19586.0,1533430.0,2.51,0.819,0.151,0.898,0.308,0.102,0.073,0.621,0.576,8466788.0,24956816.0,51349948.0,48325261.0,49481054.0,12690.0,22.9,51243.0,27684.0,0.133,112393.0,1498727.0,71006598.0,0.038,278839.0,339305.0,165691.0,123015.0,41456.0,285028.0,30918.0,288790.0,39.9,95988.01
pennsylvania,12784227.0,12702857.0,0.006,0.056,0.057,0.209,0.22,0.174,0.154,0.51,0.513,0.824,0.118,0.004,0.035,0.001,0.019,0.07,0.77,870770.0,0.063,5612002.0,5567315.0,0.692,166000.0,1425.0,498.0,840.0,23303.0,4958859.0,2.49,0.88,0.106,0.892,0.286,0.095,0.067,0.628,0.583,23504192.0,96329248.0,231396178.0,191170147.0,178794945.0,14008.0,26.3,53599.0,29291.0,0.129,299695.0,5306896.0,257626942.0,0.01,811890.0,975453.0,579400.0,304803.0,131512.0,818858.0,97969.0,837792.0,283.9,44742.7
rhode island,1056426.0,1052940.0,0.003,0.052,0.055,0.197,0.213,0.165,0.144,0.514,0.517,0.844,0.081,0.01,0.036,0.002,0.027,0.149,0.733,66076.0,0.133,462589.0,463388.0,0.601,238000.0,1815.0,682.0,925.0,1226.0,410602.0,2.46,0.866,0.214,0.862,0.319,0.089,0.051,0.655,0.616,2481314.0,8223005.0,11262158.0,22310389.0,12063865.0,11486.0,24.2,56852.0,31118.0,0.128,28387.0,425748.0,19704826.0,0.01,76747.0,94642.0,54651.0,30484.0,14737.0,77042.0,9904.0,79837.0,1018.1,1033.81
south carolina,4961119.0,4625410.0,0.073,0.059,0.065,0.221,0.234,0.167,0.137,0.515,0.514,0.685,0.275,0.005,0.016,0.001,0.018,0.055,0.639,378959.0,0.048,2236153.0,2137683.0,0.686,139900.0,1183.0,347.0,790.0,32165.0,1815094.0,2.56,0.847,0.069,0.856,0.258,0.103,0.119,0.601,0.562,9763818.0,22941292.0,99160840.0,45520900.0,58093824.0,12298.0,23.9,45483.0,24604.0,0.153,103973.0,1662251.0,66120263.0,0.028,329431.0,367726.0,202446.0,131856.0,83233.0,276269.0,47987.0,303137.0,153.9,30060.7
south dakota,865454.0,814195.0,0.063,0.071,0.073,0.246,0.249,0.16,0.143,0.496,0.5,0.852,0.02,0.09,0.015,0.001,0.023,0.037,0.825,63742.0,0.03,383838.0,363438.0,0.681,140500.0,1210.0,433.0,655.0,5686.0,330858.0,2.45,0.834,0.065,0.909,0.27,0.084,0.103,0.686,0.646,1873699.0,6211731.0,16882647.0,20411059.0,13791827.0,16550.0,16.9,50957.0,26747.0,0.133,26511.0,353540.0,13812997.0,0.016,64006.0,81314.0,42418.0,23722.0,4101.0,74228.0,8604.0,66219.0,10.7,75811.0
tennessee,6651194.0,6346298.0,0.048,0.061,0.064,0.226,0.236,0.157,0.134,0.512,0.513,0.787,0.171,0.004,0.018,0.001,0.019,0.052,0.742,462414.0,0.048,2919671.0,2812133.0,0.668,142100.0,1181.0,359.0,764.0,36157.0,2504556.0,2.53,0.847,0.069,0.855,0.249,0.112,0.106,0.61,0.563,12499013.0,42383683.0,139960482.0,111718421.0,91641605.0,14194.0,24.5,45219.0,25227.0,0.158,133344.0,2507205.0,110481280.0,0.022,495703.0,550453.0,302249.0,195694.0,105234.0,434025.0,59379.0,469392.0,153.9,41234.9
texas,27862596.0,25146100.0,0.10800000000000001,0.07200000000000001,0.077,0.262,0.273,0.12,0.10300000000000001,0.504,0.504,0.794,0.126,0.01,0.048,0.001,0.019,0.391,0.426,1539655.0,0.166,10753629.0,9977436.0,0.622,136000.0,1432.0,460.0,882.0,165853.0,9149196.0,2.84,0.833,0.35,0.8190000000000001,0.276,0.081,0.18600000000000003,0.643,0.5770000000000001,54480811.0,145035130.0,702603073.0,691242607.0,356116376.0,13666.0,25.6,53207.0,26999.0,0.156,569091.0,10239710.0,521095797.0,0.032,2205149.0,2356748.0,1251696.0,866678.0,1070392.0,1224845.0,213590.0,2057218.0,96.3,261231.71
utah,3051217.0,2763888.0,0.10400000000000001,0.083,0.095,0.302,0.315,0.105,0.09,0.49700000000000005,0.498,0.9109999999999999,0.013999999999999999,0.016,0.025,0.01,0.025,0.138,0.7879999999999999,134332.0,0.084,1054164.0,979709.0,0.695,215900.0,1428.0,388.0,887.0,22662.0,906292.0,3.15,0.8290000000000001,0.147,0.912,0.311,0.066,0.09699999999999999,0.677,0.595,4789281.0,14521857.0,50046429.0,30927885.0,38024486.0,13317.0,21.6,60727.0,24686.0,0.102,75463.0,1203954.0,51453266.0,0.049,216280.0,251419.0,132163.0,76269.0,24423.0,218826.0,18754.0,219807.0,33.6,82169.62
vermont,624594.0,625741.0,-0.002,0.049,0.051,0.19,0.207,0.18100000000000002,0.146,0.506,0.507,0.946,0.013000000000000001,0.004,0.018000000000000002,,0.019,0.019,0.9309999999999999,44708.0,0.043,329525.0,322539.0,0.71,217500.0,1535.0,641.0,895.0,1771.0,257167.0,2.34,0.865,0.054000000000000006,0.9179999999999999,0.36,0.1,0.045,0.6659999999999999,0.636,1564272.0,4457996.0,9315494.0,6450076.0,9933751.0,15868.0,22.5,55176.0,29894.0,0.11900000000000001,21121.0,266363.0,10615093.0,0.02,60312.0,75827.0,41270.0,23417.0,2354.0,70491.0,8237.0,63317.0,67.9,9216.66
virginia,8411808.0,8001041.0,0.051,0.061,0.064,0.222,0.23199999999999998,0.146,0.122,0.508,0.509,0.7,0.198,0.005,0.066,0.001,0.028999999999999998,0.091,0.624,706539.0,0.11699999999999999,3491054.0,3364939.0,0.662,245000.0,1711.0,433.0,1116.0,31132.0,3062783.0,2.62,0.8440000000000001,0.154,0.883,0.363,0.077,0.10099999999999999,0.647,0.608,17795901.0,47705003.0,96389872.0,86613641.0,110002385.0,13438.0,27.9,65015.0,34152.0,0.11,197384.0,3198718.0,165788897.0,0.012,576446.0,653193.0,353012.0,236290.0,185043.0,450109.0,76434.0,548439.0,202.6,39490.09
washington,7288000.0,6724545.0,0.084,0.062,0.065,0.22399999999999998,0.235,0.14800000000000002,0.12300000000000001,0.5,0.502,0.8,0.040999999999999995,0.019,0.086,0.008,0.046,0.124,0.695,564864.0,0.134,3025685.0,2885677.0,0.625,259500.0,1731.0,511.0,1014.0,44077.0,2668912.0,2.56,0.825,0.18899999999999997,0.904,0.32899999999999996,0.08900000000000001,0.069,0.635,0.585,14297278.0,43966889.0,131530601.0,83313366.0,118924049.0,17243.0,26.3,61062.0,31762.0,0.113,182913.0,2602408.0,149258789.0,0.028999999999999998,444135.0,541522.0,262650.0,187677.0,92807.0,426697.0,49331.0,461401.0,101.2,66455.52
west virginia,1831102.0,1853011.0,-0.012,0.055,0.055999999999999994,0.205,0.209,0.188,0.16,0.505,0.507,0.9359999999999999,0.036000000000000004,0.002,0.008,,0.017,0.015,0.9229999999999999,150021.0,0.015,886640.0,881917.0,0.725,103800.0,966.0,293.0,643.0,2544.0,740890.0,2.43,0.882,0.025,0.85,0.192,0.14400000000000002,0.065,0.539,0.49200000000000005,4036333.0,12259395.0,24553072.0,14295437.0,22637923.0,12201.0,25.6,41751.0,23450.0,0.179,36993.0,565435.0,22159084.0,-0.017,88136.0,114435.0,63112.0,39065.0,5777.0,104785.0,12912.0,94960.0,77.1,24038.21
wisconsin,5778708.0,5687289.0,0.016,0.057999999999999996,0.063,0.223,0.23600000000000002,0.161,0.13699999999999998,0.503,0.504,0.875,0.066,0.011000000000000001,0.027999999999999997,0.001,0.019,0.067,0.8170000000000001,381940.0,0.048,2668444.0,2624358.0,0.6729999999999999,165800.0,1402.0,532.0,776.0,19274.0,2299107.0,2.43,0.858,0.087,0.91,0.278,0.08199999999999999,0.062,0.6709999999999999,0.635,10303256.0,40680625.0,177728926.0,77066883.0,78201822.0,13656.0,21.9,53357.0,28340.0,0.11800000000000001,139500.0,2503532.0,112406494.0,0.022000000000000002,341935.0,432980.0,236252.0,133859.0,40507.0,379934.0,39830.0,370755.0,105.0,54157.8
wyoming,585501.0,563767.0,0.039,0.065,0.071,0.237,0.24,0.15,0.124,0.489,0.49,0.9279999999999999,0.013000000000000001,0.027000000000000003,0.01,0.001,0.021,0.1,0.841,48505.0,0.036000000000000004,270600.0,261868.0,0.691,194800.0,1348.0,386.0,789.0,1727.0,226865.0,2.49,0.8190000000000001,0.071,0.9229999999999999,0.257,0.085,0.134,0.677,0.627,1644844.0,3291478.0,10783794.0,5597891.0,9446043.0,16388.0,18.3,58840.0,29803.0,0.113,21040.0,219881.0,10094010.0,,48140.0,62427.0,30039.0,19344.0,4077.0,55397.0,6470.0,51353.0,5.8,97093.14
