state,year,State Code,Region,population,population ratio,population  region ratio,area,area density,land,land density,water,water density
Alabama,2010,AL,South,4785437,0.015470746,0.041660793,135767,35.2474239,131171,34.05422407,4597,1.193459439
Alaska,2010,AK,West,713910,0.002307986,0.009901604,1723337,0.41426024,1477953,0.355274195,245384,0.058986046
Arizona,2010,AZ,West,6407172,0.020713622,0.088864539,295234,21.70201264,294207,21.62652009,1026,0.07541904
Arkansas,2010,AR,South,2921964,0.009446361,0.025437873,137732,21.21485203,134771,20.75876937,2961,0.45608266
California,2010,CA,West,37319502,0.120649492,0.517604387,423967,88.02454436,403466,83.7681018,20501,4.256442563
Colorado,2010,CO,West,5047349,0.016317476,0.070004417,269601,18.72155148,268431,18.64030469,1170,0.081246788
Connecticut,2010,CT,Northeast,3579114,0.011570848,0.064628121,14357,249.2940029,12542,217.7784624,1816,31.53290446
Delaware,2010,DE,South,899593,0.002908277,0.007831627,6446,139.5583307,5047,109.2694532,1399,30.28887755
District of Columbia,2010,DC,South,605226,0.001956623,0.005268943,177,3419.355932,158,3052.306425,19,367.0495068
Florida,2010,FL,South,18845537,0.06092537,0.164064435,170312,110.6530192,138887,90.23595444,31424,20.41641502
Georgia,2010,GA,South,9711881,0.031397351,0.084549157,153910,63.10103957,148959,61.07119585,4951,2.02984372
Hawaii,2010,HI,West,1363963,0.004409529,0.018917542,28313,48.17444284,16635,28.30437808,11678,19.87006476
Idaho,2010,ID,West,1570746,0.005078034,0.021785527,216443,7.257088471,214045,7.176686249,2398,0.080402222
Illinois,2010,IL,Midwest,12840503,0.041511812,0.191722508,149995,85.60620687,143793,82.06655759,6202,3.539649289
Indiana,2010,IN,Midwest,6490432,0.020982791,0.096909124,94326,68.80851515,92789,67.68731116,1537,1.121203992
Iowa,2010,IA,Midwest,3050745,0.009862694,0.045550901,145746,20.93192952,144669,20.7772516,1077,0.15467792
Kansas,2010,KS,Midwest,2858190,0.009240187,0.042675848,213100,13.41243548,211754,13.32771873,1346,0.084716744
Kentucky,2010,KY,South,4348181,0.01405715,0.037854154,104656,41.5473647,102269,40.59975004,2387,0.947614657
Louisiana,2010,LA,South,4544532,0.014691929,0.039563536,135659,33.49967197,111898,27.63212389,23761,5.867548085
Maine,2010,ME,Northeast,1327629,0.004292066,0.023973019,91633,14.4885467,79883,12.63069611,11750,1.857850597
Maryland,2010,MD,South,5788645,0.018713998,0.050394466,32131,180.1576359,25142,140.9705046,6990,39.19273833
Massachusetts,2010,MA,Northeast,6566307,0.021228086,0.118567915,27336,240.207309,20202,177.5193173,7134,62.68799176
Michigan,2010,MI,Midwest,9877510,0.03193281,0.147481838,250487,39.43322408,146435,23.05270999,104052,16.38051409
Minnesota,2010,MN,Midwest,5310828,0.017169273,0.079296369,225163,23.58659282,206232,21.60350595,18930,1.982982116
Mississippi,2010,MS,South,2970548,0.009603427,0.025860833,125438,23.68140436,121531,22.94380294,3907,0.737601419
Missouri,2010,MO,Midwest,5995974,0.019384268,0.089526335,180540,33.21133267,178040,32.75144383,2501,0.460072798
Montana,2010,MT,West,990697,0.003202805,0.013740513,380831,2.601408499,376962,2.574979848,3869,0.026428651
Nebraska,2010,NE,Midwest,1829542,0.005914691,0.027317028,200330,9.132641142,198974,9.070823834,1356,0.061817308
Nevada,2010,NV,West,2702405,0.008736553,0.037481119,286380,9.436430617,284332,9.368947518,2048,0.067483099
New Hampshire,2010,NH,Northeast,1316762,0.004256934,0.023776793,24214,54.38019328,23187,52.07374005,1027,2.306453229
New Jersey,2010,NJ,Northeast,8799446,0.028447558,0.158891743,22591,389.5111328,19047,328.405938,3544,61.10519474
New Mexico,2010,NM,West,2064552,0.00667445,0.02863439,314917,6.555860751,314161,6.540122538,757,0.01575903
New York,2010,NY,Northeast,19399878,0.062717488,0.350303919,141297,137.2985838,122057,118.6030365,19240,18.69554734
North Carolina,2010,NC,South,9574323,0.030952643,0.083351612,139391,68.68680905,125920,62.04879078,13471,6.63801827
North Dakota,2010,ND,Midwest,674715,0.002181273,0.01007422,183108,3.684792581,178711,3.596309102,4397,0.08848348
Ohio,2010,OH,Midwest,11539336,0.037305295,0.172294686,116098,99.39306448,105829,90.60163501,10269,8.791429475
Oklahoma,2010,OK,South,3759944,0.01215545,0.032733113,181037,20.76892569,177660,20.38150951,3377,0.387416175
Oregon,2010,OR,West,3837491,0.01240615,0.053224241,254799,15.06085581,248608,14.69491341,6191,0.365942403
Pennsylvania,2010,PA,Northeast,12711160,0.041093662,0.229525627,119280,106.5657277,115883,103.5308201,3397,3.034907587
Puerto Rico,2010,,,3721525,0.012031246,0,13791,269.8517149,8868,173.5222252,4924,96.34905693
Rhode Island,2010,RI,Northeast,1053959,0.003407324,0.019031355,4001,263.423894,2678,176.3182175,1324,87.17151604
South Carolina,2010,SC,South,4635649,0.0149865,0.040356777,82933,55.89631389,77857,52.47512222,5076,3.421191677
South Dakota,2010,SD,Midwest,816166,0.002638567,0.012186235,199729,4.086367027,196350,4.017234181,3379,0.069132846
Tennessee,2010,TN,South,6355311,0.020545961,0.055327716,109153,58.22387841,106798,56.96768542,2355,1.256192992
Texas,2010,TX,South,25241971,0.081604277,0.219750157,695662,36.28482079,676587,35.28989372,19075,0.994927072
Utah,2010,UT,West,2775332,0.008972317,0.038492583,219882,12.62191539,212818,12.21641967,7064,0.405495722
Vermont,2010,VT,Northeast,625879,0.002023392,0.011301508,24906,25.12964747,23871,24.08535352,1035,1.044293951
Virginia,2010,VA,South,8023699,0.02593966,0.069852276,110787,72.42455342,102279,66.86263641,8508,5.561917017
Washington,2010,WA,West,6742830,0.021798764,0.093519962,184661,36.51464034,172119,34.0346006,12542,2.480039744
West Virginia,2010,WV,South,1854239,0.005994533,0.016142531,62756,29.54680031,62259,29.3128026,497,0.233997701
Wisconsin,2010,WI,Midwest,5690475,0.018396626,0.084964907,169635,33.54540631,140268,27.73806734,29367,5.807338976
Wyoming,2010,WY,West,564487,0.001824919,0.007829176,253335,2.228223499,251470,2.211819777,1864,0.016394926
Alabama,2011,AL,South,4799069,0.015403509,0.041368959,135767,35.2474239,131171,34.05422407,4597,1.193459439
Alaska,2011,AK,West,722128,0.002317805,0.009920931,1723337,0.41426024,1477953,0.355274195,245384,0.058986046
Arizona,2011,AZ,West,6472643,0.020775157,0.088924187,295234,21.70201264,294207,21.62652009,1026,0.07541904
Arkansas,2011,AR,South,2940667,0.00943862,0.025349152,137732,21.21485203,134771,20.75876937,2961,0.45608266
California,2011,CA,West,37638369,0.120807378,0.517093462,423967,88.02454436,403466,83.7681018,20501,4.256442563
Colorado,2011,CO,West,5121108,0.016437153,0.070356169,269601,18.72155148,268431,18.64030469,1170,0.081246788
Connecticut,2011,CT,Northeast,3588283,0.011517265,0.064532563,14357,249.2940029,12542,217.7784624,1816,31.53290446
Delaware,2011,DE,South,907381,0.002912409,0.00782181,6446,139.5583307,5047,109.2694532,1399,30.28887755
District of Columbia,2011,DC,South,619800,0.001989364,0.005342803,177,3419.355932,158,3052.306425,19,367.0495068
Florida,2011,FL,South,19053237,0.061154924,0.164242809,170312,110.6530192,138887,90.23595444,31424,20.41641502
Georgia,2011,GA,South,9802431,0.031462734,0.084498965,153910,63.10103957,148959,61.07119585,4951,2.02984372
Hawaii,2011,HI,West,1379329,0.004427214,0.018949865,28313,48.17444284,16635,28.30437808,11678,19.87006476
Idaho,2011,ID,West,1583910,0.005083855,0.021760494,216443,7.257088471,214045,7.176686249,2398,0.080402222
Illinois,2011,IL,Midwest,12867454,0.041300498,0.191600291,149995,85.60620687,143793,82.06655759,6202,3.539649289
Indiana,2011,IN,Midwest,6516528,0.020916014,0.097033077,94326,68.80851515,92789,67.68731116,1537,1.121203992
Iowa,2011,IA,Midwest,3066336,0.009841978,0.045658673,145746,20.93192952,144669,20.7772516,1077,0.15467792
Kansas,2011,KS,Midwest,2869225,0.009209314,0.04272363,213100,13.41243548,211754,13.32771873,1346,0.084716744
Kentucky,2011,KY,South,4369821,0.014025757,0.037668753,104656,41.5473647,102269,40.59975004,2387,0.947614657
Louisiana,2011,LA,South,4575625,0.014686323,0.039442825,135659,33.49967197,111898,27.63212389,23761,5.867548085
Maine,2011,ME,Northeast,1328284,0.004263376,0.023888186,91633,14.4885467,79883,12.63069611,11750,1.857850597
Maryland,2011,MD,South,5839419,0.018742706,0.050336989,32131,180.1576359,25142,140.9705046,6990,39.19273833
Massachusetts,2011,MA,Northeast,6613583,0.02122753,0.118940301,27336,240.207309,20202,177.5193173,7134,62.68799176
Michigan,2011,MI,Midwest,9882412,0.031719448,0.14715211,250487,39.43322408,146435,23.05270999,104052,16.38051409
Minnesota,2011,MN,Midwest,5346143,0.017159445,0.07960569,225163,23.58659282,206232,21.60350595,18930,1.982982116
Mississippi,2011,MS,South,2978731,0.009560794,0.025677272,125438,23.68140436,121531,22.94380294,3907,0.737601419
Missouri,2011,MO,Midwest,6010275,0.019291101,0.089494817,180540,33.21133267,178040,32.75144383,2501,0.460072798
Montana,2011,MT,West,997316,0.003201072,0.013701592,380831,2.601408499,376962,2.574979848,3869,0.026428651
Nebraska,2011,NE,Midwest,1840672,0.005907981,0.027408164,200330,9.132641142,198974,9.070823834,1356,0.061817308
Nevada,2011,NV,West,2712730,0.008707014,0.037268749,286380,9.436430617,284332,9.368947518,2048,0.067483099
New Hampshire,2011,NH,Northeast,1320202,0.004237435,0.023742837,24214,54.38019328,23187,52.07374005,1027,2.306453229
New Jersey,2011,NJ,Northeast,8828117,0.028335491,0.158767024,22591,389.5111328,19047,328.405938,3544,61.10519474
New Mexico,2011,NM,West,2080450,0.006677593,0.028582192,314917,6.555860751,314161,6.540122538,757,0.01575903
New York,2011,NY,Northeast,19499241,0.062586457,0.350679138,141297,137.2985838,122057,118.6030365,19240,18.69554734
North Carolina,2011,NC,South,9657592,0.030997846,0.083250423,139391,68.68680905,125920,62.04879078,13471,6.63801827
North Dakota,2011,ND,Midwest,685225,0.002199358,0.010203208,183108,3.684792581,178711,3.596309102,4397,0.08848348
Ohio,2011,OH,Midwest,11544663,0.037054753,0.171903532,116098,99.39306448,105829,90.60163501,10269,8.791429475
Oklahoma,2011,OK,South,3788379,0.01215951,0.032656604,181037,20.76892569,177660,20.38150951,3377,0.387416175
Oregon,2011,OR,West,3872036,0.012428023,0.053195836,254799,15.06085581,248608,14.69491341,6191,0.365942403
Pennsylvania,2011,PA,Northeast,12745815,0.040910075,0.229223867,119280,106.5657277,115883,103.5308201,3397,3.034907587
Rhode Island,2011,RI,Northeast,1053649,0.003381883,0.018949082,4001,263.423894,2678,176.3182175,1324,87.17151604
South Carolina,2011,SC,South,4671994,0.014995638,0.040273546,82933,55.89631389,77857,52.47512222,5076,3.421191677
South Dakota,2011,SD,Midwest,823579,0.002643431,0.012263341,199729,4.086367027,196350,4.017234181,3379,0.069132846
Tennessee,2011,TN,South,6399291,0.02053972,0.0551632,109153,58.22387841,106798,56.96768542,2355,1.256192992
Texas,2011,TX,South,25645629,0.082314438,0.221070579,695662,36.28482079,676587,35.28989372,19075,0.994927072
Utah,2011,UT,West,2814384,0.009033291,0.03866532,219882,12.62191539,212818,12.21641967,7064,0.405495722
Vermont,2011,VT,Northeast,627049,0.002012631,0.011277003,24906,25.12964747,23871,24.08535352,1035,1.044293951
Virginia,2011,VA,South,8101155,0.026002171,0.069833617,110787,72.42455342,102279,66.86263641,8508,5.561917017
Washington,2011,WA,West,6826627,0.021911335,0.093787385,184661,36.51464034,172119,34.0346006,12542,2.480039744
West Virginia,2011,WV,South,1856301,0.005958145,0.016001695,62756,29.54680031,62259,29.3128026,497,0.233997701
Wisconsin,2011,WI,Midwest,5705288,0.018312188,0.084953468,169635,33.54540631,140268,27.73806734,29367,5.807338976
Wyoming,2011,WY,West,567299,0.001820852,0.007793818,253335,2.228223499,251470,2.211819777,1864,0.016394926
Alabama,2012,AL,South,4815588,0.015344527,0.041074193,135767,35.2474239,131171,34.05422407,4597,1.193459439
Alaska,2012,AK,West,730443,0.002327504,0.009940999,1723337,0.41426024,1477953,0.355274195,245384,0.058986046
Arizona,2012,AZ,West,6554978,0.020886968,0.089210291,295234,21.70201264,294207,21.62652009,1026,0.07541904
Arkansas,2012,AR,South,2952164,0.009406859,0.025180259,137732,21.21485203,134771,20.75876937,2961,0.45608266
California,2012,CA,West,37948800,0.120921137,0.516466036,423967,88.02454436,403466,83.7681018,20501,4.256442563
Colorado,2012,CO,West,5192647,0.016545998,0.070669581,269601,18.72155148,268431,18.64030469,1170,0.081246788
Connecticut,2012,CT,Northeast,3594547,0.011453767,0.06444703,14357,249.2940029,12542,217.7784624,1816,31.53290446
Delaware,2012,DE,South,915179,0.002916152,0.00780595,6446,139.5583307,5047,109.2694532,1399,30.28887755
District of Columbia,2012,DC,South,634924,0.00202314,0.005415536,177,3419.355932,158,3052.306425,19,367.0495068
Florida,2012,FL,South,19297822,0.061491129,0.164599311,170312,110.6530192,138887,90.23595444,31424,20.41641502
Georgia,2012,GA,South,9901430,0.031550198,0.084453497,153910,63.10103957,148959,61.07119585,4951,2.02984372
Hawaii,2012,HI,West,1394804,0.004444443,0.018982653,28313,48.17444284,16635,28.30437808,11678,19.87006476
Idaho,2012,ID,West,1595324,0.005083386,0.021711639,216443,7.257088471,214045,7.176686249,2398,0.080402222
Illinois,2012,IL,Midwest,12882510,0.041049197,0.191314718,149995,85.60620687,143793,82.06655759,6202,3.539649289
Indiana,2012,IN,Midwest,6537703,0.020831923,0.097089683,94326,68.80851515,92789,67.68731116,1537,1.121203992
Iowa,2012,IA,Midwest,3076190,0.009802059,0.045683677,145746,20.93192952,144669,20.7772516,1077,0.15467792
Kansas,2012,KS,Midwest,2885257,0.009193665,0.042848182,213100,13.41243548,211754,13.32771873,1346,0.084716744
Kentucky,2012,KY,South,4386346,0.013976778,0.037413006,104656,41.5473647,102269,40.59975004,2387,0.947614657
Louisiana,2012,LA,South,4600972,0.014660668,0.039243642,135659,33.49967197,111898,27.63212389,23761,5.867548085
Maine,2012,ME,Northeast,1327729,0.004230713,0.023805,91633,14.4885467,79883,12.63069611,11750,1.857850597
Maryland,2012,MD,South,5886992,0.018758479,0.050212652,32131,180.1576359,25142,140.9705046,6990,39.19273833
Massachusetts,2012,MA,Northeast,6663005,0.021231189,0.119461752,27336,240.207309,20202,177.5193173,7134,62.68799176
Michigan,2012,MI,Midwest,9897145,0.031536545,0.146979859,250487,39.43322408,146435,23.05270999,104052,16.38051409
Minnesota,2012,MN,Midwest,5376643,0.017132288,0.07984709,225163,23.58659282,206232,21.60350595,18930,1.982982116
Mississippi,2012,MS,South,2983816,0.009507716,0.025450232,125438,23.68140436,121531,22.94380294,3907,0.737601419
Missouri,2012,MO,Midwest,6024367,0.019196214,0.089466267,180540,33.21133267,178040,32.75144383,2501,0.460072798
Montana,2012,MT,West,1003783,0.003198483,0.013661033,380831,2.601408499,376962,2.574979848,3869,0.026428651
Nebraska,2012,NE,Midwest,1853303,0.005905417,0.027522908,200330,9.132641142,198974,9.070823834,1356,0.061817308
Nevada,2012,NV,West,2743996,0.008743547,0.037344547,286380,9.436430617,284332,9.368947518,2048,0.067483099
New Hampshire,2012,NH,Northeast,1324232,0.004219571,0.023742302,24214,54.38019328,23187,52.07374005,1027,2.306453229
New Jersey,2012,NJ,Northeast,8844942,0.028183775,0.158581941,22591,389.5111328,19047,328.405938,3544,61.10519474
New Mexico,2012,NM,West,2087309,0.006651061,0.028407333,314917,6.555860751,314161,6.540122538,757,0.01575903
New York,2012,NY,Northeast,19572932,0.062367748,0.350925257,141297,137.2985838,122057,118.6030365,19240,18.69554734
North Carolina,2012,NC,South,9749476,0.031066008,0.083157417,139391,68.68680905,125920,62.04879078,13471,6.63801827
North Dakota,2012,ND,Midwest,701176,0.002234247,0.010412978,183108,3.684792581,178711,3.596309102,4397,0.08848348
Ohio,2012,OH,Midwest,11548923,0.036799817,0.171509973,116098,99.39306448,105829,90.60163501,10269,8.791429475
Oklahoma,2012,OK,South,3818814,0.012168378,0.032572285,181037,20.76892569,177660,20.38150951,3377,0.387416175
Oregon,2012,OR,West,3899001,0.012423888,0.053063643,254799,15.06085581,248608,14.69491341,6191,0.365942403
Pennsylvania,2012,PA,Northeast,12767118,0.040681508,0.228903067,119280,106.5657277,115883,103.5308201,3397,3.034907587
Rhode Island,2012,RI,Northeast,1054621,0.003360474,0.018908416,4001,263.423894,2678,176.3182175,1324,87.17151604
South Carolina,2012,SC,South,4717354,0.015031511,0.040236313,82933,55.89631389,77857,52.47512222,5076,3.421191677
South Dakota,2012,SD,Midwest,833566,0.002656098,0.012379066,199729,4.086367027,196350,4.017234181,3379,0.069132846
Tennessee,2012,TN,South,6453898,0.020564884,0.055048034,109153,58.22387841,106798,56.96768542,2355,1.256192992
Texas,2012,TX,South,26084481,0.083116333,0.222485604,695662,36.28482079,676587,35.28989372,19075,0.994927072
Utah,2012,UT,West,2853375,0.009092075,0.038833146,219882,12.62191539,212818,12.21641967,7064,0.405495722
Vermont,2012,VT,Northeast,626090,0.001994991,0.011225237,24906,25.12964747,23871,24.08535352,1035,1.044293951
Virginia,2012,VA,South,8185080,0.026081172,0.06981402,110787,72.42455342,102279,66.86263641,8508,5.561917017
Washington,2012,WA,West,6897058,0.021976982,0.093865846,184661,36.51464034,172119,34.0346006,12542,2.480039744
West Virginia,2012,WV,South,1856872,0.00591679,0.015838049,62756,29.54680031,62259,29.3128026,497,0.233997701
Wisconsin,2012,WI,Midwest,5719960,0.018226243,0.084945599,169635,33.54540631,140268,27.73806734,29367,5.807338976
Wyoming,2012,WY,West,576305,0.001836355,0.007843251,253335,2.228223499,251470,2.211819777,1864,0.016394926
Alabama,2013,AL,South,4830081,0.01528537,0.040806873,135767,35.2474239,131171,34.05422407,4597,1.193459439
Alaska,2013,AK,West,737068,0.00233254,0.009937933,1723337,0.41426024,1477953,0.355274195,245384,0.058986046
Arizona,2013,AZ,West,6632764,0.020990177,0.089429967,295234,21.70201264,294207,21.62652009,1026,0.07541904
Arkansas,2013,AR,South,2959400,0.009365376,0.02500245,137732,21.21485203,134771,20.75876937,2961,0.45608266
California,2013,CA,West,38260787,0.121080848,0.515872557,423967,88.02454436,403466,83.7681018,20501,4.256442563
Colorado,2013,CO,West,5269035,0.016674493,0.071042725,269601,18.72155148,268431,18.64030469,1170,0.081246788
Connecticut,2013,CT,Northeast,3594841,0.011376305,0.064306348,14357,249.2940029,12542,217.7784624,1816,31.53290446
Delaware,2013,DE,South,923576,0.002922767,0.007802819,6446,139.5583307,5047,109.2694532,1399,30.28887755
District of Columbia,2013,DC,South,650581,0.002058842,0.005496425,177,3419.355932,158,3052.306425,19,367.0495068
Florida,2013,FL,South,19545621,0.061854461,0.165130909,170312,110.6530192,138887,90.23595444,31424,20.41641502
Georgia,2013,GA,South,9972479,0.031559106,0.084252351,153910,63.10103957,148959,61.07119585,4951,2.02984372
Hawaii,2013,HI,West,1408243,0.004456554,0.018987427,28313,48.17444284,16635,28.30437808,11678,19.87006476
Idaho,2013,ID,West,1611206,0.005098855,0.02172399,216443,7.257088471,214045,7.176686249,2398,0.080402222
Illinois,2013,IL,Midwest,12895129,0.040808182,0.190868216,149995,85.60620687,143793,82.06655759,6202,3.539649289
Indiana,2013,IN,Midwest,6568713,0.02078748,0.097227296,94326,68.80851515,92789,67.68731116,1537,1.121203992
Iowa,2013,IA,Midwest,3092997,0.00978816,0.045781226,145746,20.93192952,144669,20.7772516,1077,0.15467792
Kansas,2013,KS,Midwest,2893212,0.009155916,0.042824094,213100,13.41243548,211754,13.32771873,1346,0.084716744
Kentucky,2013,KY,South,4404659,0.013939072,0.037212701,104656,41.5473647,102269,40.59975004,2387,0.947614657
Louisiana,2013,LA,South,4624527,0.01463487,0.039070253,135659,33.49967197,111898,27.63212389,23761,5.867548085
Maine,2013,ME,Northeast,1328009,0.004202644,0.023756102,91633,14.4885467,79883,12.63069611,11750,1.857850597
Maryland,2013,MD,South,5923188,0.018744639,0.050041972,32131,180.1576359,25142,140.9705046,6990,39.19273833
Massachusetts,2013,MA,Northeast,6713315,0.02124509,0.120091201,27336,240.207309,20202,177.5193173,7134,62.68799176
Michigan,2013,MI,Midwest,9913065,0.031371083,0.146728973,250487,39.43322408,146435,23.05270999,104052,16.38051409
Minnesota,2013,MN,Midwest,5413479,0.017131603,0.080128014,225163,23.58659282,206232,21.60350595,18930,1.982982116
Mississippi,2013,MS,South,2988711,0.009458134,0.025250084,125438,23.68140436,121531,22.94380294,3907,0.737601419
Missouri,2013,MO,Midwest,6040715,0.019116567,0.089412095,180540,33.21133267,178040,32.75144383,2501,0.460072798
Montana,2013,MT,West,1013569,0.003207561,0.013666014,380831,2.601408499,376962,2.574979848,3869,0.026428651
Nebraska,2013,NE,Midwest,1865279,0.005902899,0.027609067,200330,9.132641142,198974,9.070823834,1356,0.061817308
Nevada,2013,NV,West,2775970,0.00878489,0.037428575,286380,9.436430617,284332,9.368947518,2048,0.067483099
New Hampshire,2013,NH,Northeast,1326622,0.004198254,0.023731291,24214,54.38019328,23187,52.07374005,1027,2.306453229
New Jersey,2013,NJ,Northeast,8856972,0.02802895,0.15843803,22591,389.5111328,19047,328.405938,3544,61.10519474
New Mexico,2013,NM,West,2092273,0.006621249,0.028210246,314917,6.555860751,314161,6.540122538,757,0.01575903
New York,2013,NY,Northeast,19624447,0.062103916,0.351052111,141297,137.2985838,122057,118.6030365,19240,18.69554734
North Carolina,2013,NC,South,9843336,0.031150417,0.083161288,139391,68.68680905,125920,62.04879078,13471,6.63801827
North Dakota,2013,ND,Midwest,722036,0.002284969,0.01068727,183108,3.684792581,178711,3.596309102,4397,0.08848348
Ohio,2013,OH,Midwest,11576684,0.036635805,0.171353154,116098,99.39306448,105829,90.60163501,10269,8.791429475
Oklahoma,2013,OK,South,3853214,0.012193958,0.032553825,181037,20.76892569,177660,20.38150951,3377,0.387416175
Oregon,2013,OR,West,3922468,0.01241312,0.052886879,254799,15.06085581,248608,14.69491341,6191,0.365942403
Pennsylvania,2013,PA,Northeast,12776309,0.040432162,0.228549128,119280,106.5657277,115883,103.5308201,3397,3.034907587
Puerto Rico,2013,,,3593077,0.011370723,0,13791,269.8517149,8868,173.5222252,4924,96.34905693
Rhode Island,2013,RI,Northeast,1055081,0.00333893,0.018873827,4001,263.423894,2678,176.3182175,1324,87.17151604
South Carolina,2013,SC,South,4764080,0.015076502,0.040249264,82933,55.89631389,77857,52.47512222,5076,3.421191677
South Dakota,2013,SD,Midwest,842316,0.00266561,0.012467603,199729,4.086367027,196350,4.017234181,3379,0.069132846
Tennessee,2013,TN,South,6494340,0.020552118,0.054867342,109153,58.22387841,106798,56.96768542,2355,1.256192992
Texas,2013,TX,South,26480266,0.083799977,0.223718162,695662,36.28482079,676587,35.28989372,19075,0.994927072
Utah,2013,UT,West,2897640,0.009169929,0.039069059,219882,12.62191539,212818,12.21641967,7064,0.405495722
Vermont,2013,VT,Northeast,626210,0.001981717,0.011201964,24906,25.12964747,23871,24.08535352,1035,1.044293951
Virgin Islands,2013,,,,0,0,1898,0,348,0,1550,0
Virginia,2013,VA,South,8252427,0.026115795,0.069720516,110787,72.42455342,102279,66.86263641,8508,5.561917017
Washington,2013,WA,West,6963985,0.022038366,0.09389584,184661,36.51464034,172119,34.0346006,12542,2.480039744
West Virginia,2013,WV,South,1853914,0.005866933,0.015662767,62756,29.54680031,62259,29.3128026,497,0.233997701
Wisconsin,2013,WI,Midwest,5736754,0.018154646,0.084912993,169635,33.54540631,140268,27.73806734,29367,5.807338976
Wyoming,2013,WY,West,582122,0.001842195,0.007848787,253335,2.228223499,251470,2.211819777,1864,0.016394926
Alabama,2014,AL,South,4841799,0.015211384,0.040475135,135767,35.2474239,131171,34.05422407,4597,1.193459439
Alaska,2014,AK,West,736283,0.002313166,0.00982683,1723337,0.41426024,1477953,0.355274195,245384,0.058986046
Arizona,2014,AZ,West,6730413,0.021144806,0.089827718,295234,21.70201264,294207,21.62652009,1026,0.07541904
Arkansas,2014,AR,South,2967392,0.009322597,0.024805984,137732,21.21485203,134771,20.75876937,2961,0.45608266
California,2014,CA,West,38596972,0.121259346,0.515135983,423967,88.02454436,403466,83.7681018,20501,4.256442563
Colorado,2014,CO,West,5350101,0.016808307,0.07140533,269601,18.72155148,268431,18.64030469,1170,0.081246788
Connecticut,2014,CT,Northeast,3594524,0.011292845,0.064181039,14357,249.2940029,12542,217.7784624,1816,31.53290446
Delaware,2014,DE,South,932487,0.002929576,0.007795147,6446,139.5583307,5047,109.2694532,1399,30.28887755
District of Columbia,2014,DC,South,662328,0.002080823,0.005536747,177,3419.355932,158,3052.306425,19,367.0495068
Florida,2014,FL,South,19845911,0.062349507,0.165902368,170312,110.6530192,138887,90.23595444,31424,20.41641502
Georgia,2014,GA,South,10067278,0.031628169,0.084157651,153910,63.10103957,148959,61.07119585,4951,2.02984372
Hawaii,2014,HI,West,1414538,0.004444026,0.018879186,28313,48.17444284,16635,28.30437808,11678,19.87006476
Idaho,2014,ID,West,1631112,0.005124432,0.0217697,216443,7.257088471,214045,7.176686249,2398,0.080402222
Illinois,2014,IL,Midwest,12884493,0.040478958,0.190190586,149995,85.60620687,143793,82.06655759,6202,3.539649289
Indiana,2014,IN,Midwest,6593644,0.020715121,0.097330102,94326,68.80851515,92789,67.68731116,1537,1.121203992
Iowa,2014,IA,Midwest,3109350,0.009768584,0.045897739,145746,20.93192952,144669,20.7772516,1077,0.15467792
Kansas,2014,KS,Midwest,2900475,0.009112365,0.042814493,213100,13.41243548,211754,13.32771873,1346,0.084716744
Kentucky,2014,KY,South,4414349,0.013868473,0.036901856,104656,41.5473647,102269,40.59975004,2387,0.947614657
Louisiana,2014,LA,South,4644013,0.014590004,0.038821738,135659,33.49967197,111898,27.63212389,23761,5.867548085
Maine,2014,ME,Northeast,1330513,0.004180046,0.023756611,91633,14.4885467,79883,12.63069611,11750,1.857850597
Mariana Islands,2014,,,,0,0,5117,0,472,0,4644,0
Maryland,2014,MD,South,5957283,0.018715879,0.04980005,32131,180.1576359,25142,140.9705046,6990,39.19273833
Massachusetts,2014,MA,Northeast,6762596,0.021245914,0.120747682,27336,240.207309,20202,177.5193173,7134,62.68799176
Michigan,2014,MI,Midwest,9929848,0.031196408,0.146576478,250487,39.43322408,146435,23.05270999,104052,16.38051409
Minnesota,2014,MN,Midwest,5451079,0.017125547,0.080464471,225163,23.58659282,206232,21.60350595,18930,1.982982116
Mississippi,2014,MS,South,2990468,0.009395094,0.024998889,125438,23.68140436,121531,22.94380294,3907,0.737601419
Missouri,2014,MO,Midwest,6056202,0.01902665,0.089396813,180540,33.21133267,178040,32.75144383,2501,0.460072798
Montana,2014,MT,West,1021869,0.003210386,0.013638414,380831,2.601408499,376962,2.574979848,3869,0.026428651
Nebraska,2014,NE,Midwest,1879321,0.005904226,0.027741034,200330,9.132641142,198974,9.070823834,1356,0.061817308
Nevada,2014,NV,West,2817628,0.008852086,0.037605581,286380,9.436430617,284332,9.368947518,2048,0.067483099
New Hampshire,2014,NH,Northeast,1333341,0.004188931,0.023807105,24214,54.38019328,23187,52.07374005,1027,2.306453229
New Jersey,2014,NJ,Northeast,8864525,0.027849503,0.1582781,22591,389.5111328,19047,328.405938,3544,61.10519474
New Mexico,2014,NM,West,2089568,0.006564755,0.0278885,314917,6.555860751,314161,6.540122538,757,0.01575903
New York,2014,NY,Northeast,19651049,0.061737313,0.350873927,141297,137.2985838,122057,118.6030365,19240,18.69554734
North Carolina,2014,NC,South,9932887,0.031205955,0.083034207,139391,68.68680905,125920,62.04879078,13471,6.63801827
North Dakota,2014,ND,Midwest,737401,0.002316678,0.010884924,183108,3.684792581,178711,3.596309102,4397,0.08848348
Ohio,2014,OH,Midwest,11602700,0.036451974,0.171269782,116098,99.39306448,105829,90.60163501,10269,8.791429475
Oklahoma,2014,OK,South,3878187,0.012184024,0.032419797,181037,20.76892569,177660,20.38150951,3377,0.387416175
Oregon,2014,OR,West,3963244,0.012451246,0.05289559,254799,15.06085581,248608,14.69491341,6191,0.365942403
Pennsylvania,2014,PA,Northeast,12788313,0.040176791,0.228338222,119280,106.5657277,115883,103.5308201,3397,3.034907587
Puerto Rico,2014,,,3534874,0.011105444,0,13791,269.8517149,8868,173.5222252,4924,96.34905693
Rhode Island,2014,RI,Northeast,1055936,0.003317413,0.018853976,4001,263.423894,2678,176.3182175,1324,87.17151604
South Carolina,2014,SC,South,4823617,0.015154262,0.040323142,82933,55.89631389,77857,52.47512222,5076,3.421191677
South Dakota,2014,SD,Midwest,849129,0.002667692,0.012534164,199729,4.086367027,196350,4.017234181,3379,0.069132846
Tennessee,2014,TN,South,6541223,0.020550431,0.05468151,109153,58.22387841,106798,56.96768542,2355,1.256192992
Texas,2014,TX,South,26964333,0.084713313,0.225408987,695662,36.28482079,676587,35.28989372,19075,0.994927072
Utah,2014,UT,West,2936879,0.009226735,0.039197169,219882,12.62191539,212818,12.21641967,7064,0.405495722
Vermont,2014,VT,Northeast,625214,0.001964222,0.011163337,24906,25.12964747,23871,24.08535352,1035,1.044293951
Virgin Islands,2014,,,,,,,,,,,
Virginia,2014,VA,South,8310993,0.026110483,0.069475945,110787,72.42455342,102279,66.86263641,8508,5.561917017
Washington,2014,WA,West,7054655,0.02216347,0.094155226,184661,36.51464034,172119,34.0346006,12542,2.480039744
West Virginia,2014,WV,South,1849489,0.005810503,0.015460848,62756,29.54680031,62259,29.3128026,497,0.233997701
Wisconsin,2014,WI,Midwest,5751525,0.018069453,0.084899414,169635,33.54540631,140268,27.73806734,29367,5.807338976
Wyoming,2014,WY,West,582531,0.001830126,0.007774773,253335,2.228223499,251470,2.211819777,1864,0.016394926
Alabama,2015,AL,South,4852347,0.015133546,0.040102923,135767,35.2474239,131171,34.05422407,4597,1.193459439
Alaska,2015,AK,West,737498,0.002300116,0.009736904,1723337,0.41426024,1477953,0.355274195,245384,0.058986046
Arizona,2015,AZ,West,6829676,0.021300459,0.090169601,295234,21.70201264,294207,21.62652009,1026,0.07541904
Arkansas,2015,AR,South,2978048,0.009287964,0.024612508,137732,21.21485203,134771,20.75876937,2961,0.45608266
California,2015,CA,West,38918045,0.121377969,0.513820071,423967,88.02454436,403466,83.7681018,20501,4.256442563
Colorado,2015,CO,West,5450623,0.016999455,0.071962492,269601,18.72155148,268431,18.64030469,1170,0.081246788
Connecticut,2015,CT,Northeast,3587122,0.01118755,0.064016101,14357,249.2940029,12542,217.7784624,1816,31.53290446
Delaware,2015,DE,South,941252,0.002935586,0.007779113,6446,139.5583307,5047,109.2694532,1399,30.28887755
District of Columbia,2015,DC,South,675400,0.002106444,0.005581941,177,3419.355932,158,3052.306425,19,367.0495068
Florida,2015,FL,South,20209042,0.063028153,0.167020546,170312,110.6530192,138887,90.23595444,31424,20.41641502
Georgia,2015,GA,South,10178447,0.031744637,0.084121245,153910,63.10103957,148959,61.07119585,4951,2.02984372
Guam,2015,,,,,,,,,,,
Hawaii,2015,HI,West,1422052,0.004435109,0.018774809,28313,48.17444284,16635,28.30437808,11678,19.87006476
Idaho,2015,ID,West,1651059,0.005149339,0.021798301,216443,7.257088471,214045,7.176686249,2398,0.080402222
Illinois,2015,IL,Midwest,12858913,0.0401045,0.189490164,149995,85.60620687,143793,82.06655759,6202,3.539649289
Indiana,2015,IN,Midwest,6608422,0.020610409,0.097382335,94326,68.80851515,92789,67.68731116,1537,1.121203992
Iowa,2015,IA,Midwest,3120960,0.00973368,0.045990763,145746,20.93192952,144669,20.7772516,1077,0.15467792
Kansas,2015,KS,Midwest,2909011,0.009072651,0.042867463,213100,13.41243548,211754,13.32771873,1346,0.084716744
Kentucky,2015,KY,South,4425976,0.013803776,0.036579118,104656,41.5473647,102269,40.59975004,2387,0.947614657
Louisiana,2015,LA,South,4664628,0.014548086,0.038551492,135659,33.49967197,111898,27.63212389,23761,5.867548085
Maine,2015,ME,Northeast,1328262,0.004142596,0.023704283,91633,14.4885467,79883,12.63069611,11750,1.857850597
Mariana Islands,2015,,,,,,,,,,,
Maryland,2015,MD,South,5985562,0.018667828,0.049468542,32131,180.1576359,25142,140.9705046,6990,39.19273833
Massachusetts,2015,MA,Northeast,6794228,0.021189903,0.121250403,27336,240.207309,20202,177.5193173,7134,62.68799176
Michigan,2015,MI,Midwest,9931715,0.030975127,0.146354696,250487,39.43322408,146435,23.05270999,104052,16.38051409
Minnesota,2015,MN,Midwest,5482032,0.017097414,0.080783745,225163,23.58659282,206232,21.60350595,18930,1.982982116
Mississippi,2015,MS,South,2988471,0.009320472,0.02469865,125438,23.68140436,121531,22.94380294,3907,0.737601419
Missouri,2015,MO,Midwest,6071732,0.018936576,0.08947362,180540,33.21133267,178040,32.75144383,2501,0.460072798
Montana,2015,MT,West,1030475,0.003213855,0.013604968,380831,2.601408499,376962,2.574979848,3869,0.026428651
Nebraska,2015,NE,Midwest,1891277,0.005898533,0.027870038,200330,9.132641142,198974,9.070823834,1356,0.061817308
Nevada,2015,NV,West,2866939,0.008941437,0.0378511,286380,9.436430617,284332,9.368947518,2048,0.067483099
New Hampshire,2015,NH,Northeast,1336350,0.004167821,0.023848622,24214,54.38019328,23187,52.07374005,1027,2.306453229
New Jersey,2015,NJ,Northeast,8867949,0.027657444,0.158258214,22591,389.5111328,19047,328.405938,3544,61.10519474
New Mexico,2015,NM,West,2089291,0.006516101,0.02758411,314917,6.555860751,314161,6.540122538,757,0.01575903
New York,2015,NY,Northeast,19654666,0.06129916,0.350758934,141297,137.2985838,122057,118.6030365,19240,18.69554734
North Carolina,2015,NC,South,10031646,0.031286793,0.082907987,139391,68.68680905,125920,62.04879078,13471,6.63801827
North Dakota,2015,ND,Midwest,754066,0.002351788,0.011111988,183108,3.684792581,178711,3.596309102,4397,0.08848348
Ohio,2015,OH,Midwest,11617527,0.036232854,0.171196982,116098,99.39306448,105829,90.60163501,10269,8.791429475
Oklahoma,2015,OK,South,3909500,0.012192986,0.032310627,181037,20.76892569,177660,20.38150951,3377,0.387416175
Oregon,2015,OR,West,4015792,0.01252449,0.053018967,254799,15.06085581,248608,14.69491341,6191,0.365942403
Pennsylvania,2015,PA,Northeast,12784826,0.039873437,0.228159152,119280,106.5657277,115883,103.5308201,3397,3.034907587
Puerto Rico,2015,,,3473232,0.010832349,0,13791,269.8517149,8868,173.5222252,4924,96.34905693
Rhode Island,2015,RI,Northeast,1056065,0.003293666,0.018846631,4001,263.423894,2678,176.3182175,1324,87.17151604
South Carolina,2015,SC,South,4891938,0.015257023,0.040430128,82933,55.89631389,77857,52.47512222,5076,3.421191677
South Dakota,2015,SD,Midwest,853988,0.002663426,0.012584448,199729,4.086367027,196350,4.017234181,3379,0.069132846
Tennessee,2015,TN,South,6591170,0.020556604,0.054473676,109153,58.22387841,106798,56.96768542,2355,1.256192992
Texas,2015,TX,South,27470056,0.085673872,0.227030245,695662,36.28482079,676587,35.28989372,19075,0.994927072
Utah,2015,UT,West,2981835,0.009299775,0.039368028,219882,12.62191539,212818,12.21641967,7064,0.405495722
Vermont,2015,VT,Northeast,625216,0.00194993,0.011157661,24906,25.12964747,23871,24.08535352,1035,1.044293951
Virgin Islands,2015,,,,,,,,,,,
Virginia,2015,VA,South,8361808,0.026078886,0.06910737,110787,72.42455342,102279,66.86263641,8508,5.561917017
Washington,2015,WA,West,7163657,0.022342082,0.094579025,184661,36.51464034,172119,34.0346006,12542,2.480039744
West Virginia,2015,WV,South,1842050,0.005745003,0.015223888,62756,29.54680031,62259,29.3128026,497,0.233997701
Wisconsin,2015,WI,Midwest,5760940,0.017967275,0.084893759,169635,33.54540631,140268,27.73806734,29367,5.807338976
Wyoming,2015,WY,West,585613,0.001826415,0.007731625,253335,2.228223499,251470,2.211819777,1864,0.016394926
Alabama,2016,AL,South,4863525,0.015060089,0.039750348,135767,35.2474239,131171,34.05422407,4597,1.193459439
Alaska,2016,AK,West,741456,0.002295947,0.00968468,1723337,0.41426024,1477953,0.355274195,245384,0.058986046
Arizona,2016,AZ,West,6941072,0.021493292,0.090662238,295234,21.70201264,294207,21.62652009,1026,0.07541904
Arkansas,2016,AR,South,2989918,0.009258394,0.024437066,137732,21.21485203,134771,20.75876937,2961,0.45608266
California,2016,CA,West,39167117,0.121282461,0.511589344,423967,88.02454436,403466,83.7681018,20501,4.256442563
Colorado,2016,CO,West,5539215,0.017152389,0.072351595,269601,18.72155148,268431,18.64030469,1170,0.081246788
Connecticut,2016,CT,Northeast,3578141,0.011079849,0.063847113,14357,249.2940029,12542,217.7784624,1816,31.53290446
Delaware,2016,DE,South,948921,0.00293837,0.007755679,6446,139.5583307,5047,109.2694532,1399,30.28887755
District of Columbia,2016,DC,South,685815,0.002123652,0.005605273,177,3419.355932,158,3052.306425,19,367.0495068
Florida,2016,FL,South,20613477,0.063830412,0.16847716,170312,110.6530192,138887,90.23595444,31424,20.41641502
Georgia,2016,GA,South,10301890,0.031900193,0.084198952,153910,63.10103957,148959,61.07119585,4951,2.02984372
Guam,2016,,,,,,,,,,,
Hawaii,2016,HI,West,1427559,0.004420491,0.018646355,28313,48.17444284,16635,28.30437808,11678,19.87006476
Idaho,2016,ID,West,1682380,0.005209553,0.021974752,216443,7.257088471,214045,7.176686249,2398,0.080402222
Illinois,2016,IL,Midwest,12820527,0.039699247,0.188571715,149995,85.60620687,143793,82.06655759,6202,3.539649289
Indiana,2016,IN,Midwest,6634304,0.020543374,0.097581174,94326,68.80851515,92789,67.68731116,1537,1.121203992
Iowa,2016,IA,Midwest,3131371,0.009696409,0.046058013,145746,20.93192952,144669,20.7772516,1077,0.15467792
Kansas,2016,KS,Midwest,2910844,0.009013539,0.042814375,213100,13.41243548,211754,13.32771873,1346,0.084716744
Kentucky,2016,KY,South,4438182,0.013742999,0.036273953,104656,41.5473647,102269,40.59975004,2387,0.947614657
Louisiana,2016,LA,South,4678135,0.014486022,0.038235126,135659,33.49967197,111898,27.63212389,23761,5.867548085
Maine,2016,ME,Northeast,1331317,0.004122474,0.023755561,91633,14.4885467,79883,12.63069611,11750,1.857850597
Mariana Islands,2016,,,,0,0,5117,0,472,0,4644,0
Maryland,2016,MD,South,6003323,0.018589517,0.049066094,32131,180.1576359,25142,140.9705046,6990,39.19273833
Massachusetts,2016,MA,Northeast,6823608,0.021129561,0.121758107,27336,240.207309,20202,177.5193173,7134,62.68799176
Michigan,2016,MI,Midwest,9950571,0.03081232,0.146358745,250487,39.43322408,146435,23.05270999,104052,16.38051409
Minnesota,2016,MN,Midwest,5522744,0.017101386,0.081231708,225163,23.58659282,206232,21.60350595,18930,1.982982116
Mississippi,2016,MS,South,2987938,0.009252263,0.024420883,125438,23.68140436,121531,22.94380294,3907,0.737601419
Missouri,2016,MO,Midwest,6087135,0.018849044,0.089533097,180540,33.21133267,178040,32.75144383,2501,0.460072798
Montana,2016,MT,West,1040859,0.003223059,0.013595394,380831,2.601408499,376962,2.574979848,3869,0.026428651
Nebraska,2016,NE,Midwest,1905616,0.005900812,0.028028901,200330,9.132641142,198974,9.070823834,1356,0.061817308
Nevada,2016,NV,West,2917563,0.009034344,0.038108348,286380,9.436430617,284332,9.368947518,2048,0.067483099
New Hampshire,2016,NH,Northeast,1342307,0.004156504,0.023951663,24214,54.38019328,23187,52.07374005,1027,2.306453229
New Jersey,2016,NJ,Northeast,8870827,0.027468852,0.158287976,22591,389.5111328,19047,328.405938,3544,61.10519474
New Mexico,2016,NM,West,2091630,0.006476812,0.027320255,314917,6.555860751,314161,6.540122538,757,0.01575903
New York,2016,NY,Northeast,19633428,0.060795653,0.350332115,141297,137.2985838,122057,118.6030365,19240,18.69554734
North Carolina,2016,NC,South,10154788,0.031444686,0.082996665,139391,68.68680905,125920,62.04879078,13471,6.63801827
North Dakota,2016,ND,Midwest,754434,0.002336133,0.011096651,183108,3.684792581,178711,3.596309102,4397,0.08848348
Ohio,2016,OH,Midwest,11634370,0.036026267,0.171125033,116098,99.39306448,105829,90.60163501,10269,8.791429475
Oklahoma,2016,OK,South,3926331,0.012158033,0.032090515,181037,20.76892569,177660,20.38150951,3377,0.387416175
Oregon,2016,OR,West,4089976,0.012664766,0.053422062,254799,15.06085581,248608,14.69491341,6191,0.365942403
Pennsylvania,2016,PA,Northeast,12782275,0.039580799,0.228082505,119280,106.5657277,115883,103.5308201,3397,3.034907587
Puerto Rico,2016,,,3406672,0.010548889,0,13791,269.8517149,8868,173.5222252,4924,96.34905693
Rhode Island,2016,RI,Northeast,1056770,0.003272328,0.018856639,4001,263.423894,2678,176.3182175,1324,87.17151604
South Carolina,2016,SC,South,4957968,0.015352536,0.040522245,82933,55.89631389,77857,52.47512222,5076,3.421191677
South Dakota,2016,SD,Midwest,862996,0.0026723,0.012693444,199729,4.086367027,196350,4.017234181,3379,0.069132846
Tennessee,2016,TN,South,6646010,0.020579622,0.054318875,109153,58.22387841,106798,56.96768542,2355,1.256192992
Texas,2016,TX,South,27914410,0.086438028,0.228148823,695662,36.28482079,676587,35.28989372,19075,0.994927072
Utah,2016,UT,West,3041868,0.009419259,0.039731984,219882,12.62191539,212818,12.21641967,7064,0.405495722
Vermont,2016,VT,Northeast,623657,0.001931178,0.01112832,24906,25.12964747,23871,24.08535352,1035,1.044293951
Virgin Islands,2016,,,,0,0,1898,0,348,0,1550,0
Virginia,2016,VA,South,8410106,0.026042212,0.068737107,110787,72.42455342,102279,66.86263641,8508,5.561917017
Washington,2016,WA,West,7294771,0.022588535,0.09528215,184661,36.51464034,172119,34.0346006,12542,2.480039744
West Virginia,2016,WV,South,1831023,0.005669832,0.014965236,62756,29.54680031,62259,29.3128026,497,0.233997701
Wisconsin,2016,WI,Midwest,5772628,0.017875161,0.084907146,169635,33.54540631,140268,27.73806734,29367,5.807338976
Wyoming,2016,WY,West,584215,0.001809044,0.007630844,253335,2.228223499,251470,2.211819777,1864,0.016394926
Alabama,2017,AL,South,4874486,0.014999086,0.039456044,135767,35.2474239,131171,34.05422407,4597,1.193459439
Alaska,2017,AK,West,739700,0.002276101,0.009574496,1723337,0.41426024,1477953,0.355274195,245384,0.058986046
Arizona,2017,AZ,West,7044008,0.021674835,0.091175919,295234,21.70201264,294207,21.62652009,1026,0.07541904
Arkansas,2017,AR,South,3001345,0.009235319,0.02429409,137732,21.21485203,134771,20.75876937,2961,0.45608266
California,2017,CA,West,39358497,0.121108456,0.509446774,423967,88.02454436,403466,83.7681018,20501,4.256442563
Colorado,2017,CO,West,5611885,0.017268107,0.072638869,269601,18.72155148,268431,18.64030469,1170,0.081246788
Connecticut,2017,CT,Northeast,3573297,0.010995249,0.063741446,14357,249.2940029,12542,217.7784624,1816,31.53290446
Delaware,2017,DE,South,956823,0.002944202,0.007744909,6446,139.5583307,5047,109.2694532,1399,30.28887755
District of Columbia,2017,DC,South,694906,0.002138267,0.005624848,177,3419.355932,158,3052.306425,19,367.0495068
Florida,2017,FL,South,20963613,0.064506295,0.169687887,170312,110.6530192,138887,90.23595444,31424,20.41641502
Georgia,2017,GA,South,10410330,0.03203321,0.084265384,153910,63.10103957,148959,61.07119585,4951,2.02984372
Guam,2017,,,6829827,0.021015787,0,,#DIV/0!,,#DIV/0!,,#DIV/0!
Hawaii,2017,HI,West,1424393,0.004382943,0.018436995,28313,48.17444284,16635,28.30437808,11678,19.87006476
Idaho,2017,ID,West,1717715,0.005285512,0.022233683,216443,7.257088471,214045,7.176686249,2398,0.080402222
Illinois,2017,IL,Midwest,12778828,0.03932122,0.187574223,149995,85.60620687,143793,82.06655759,6202,3.539649289
Indiana,2017,IN,Midwest,6658078,0.020487305,0.0977307,94326,68.80851515,92789,67.68731116,1537,1.121203992
Iowa,2017,IA,Midwest,3141550,0.009666738,0.04611329,145746,20.93192952,144669,20.7772516,1077,0.15467792
Kansas,2017,KS,Midwest,2908718,0.0089503,0.042695662,213100,13.41243548,211754,13.32771873,1346,0.084716744
Kentucky,2017,KY,South,4452268,0.013699896,0.036038442,104656,41.5473647,102269,40.59975004,2387,0.947614657
Louisiana,2017,LA,South,4670560,0.014371593,0.037805385,135659,33.49967197,111898,27.63212389,23761,5.867548085
Maine,2017,ME,Northeast,1334612,0.004106681,0.023807173,91633,14.4885467,79883,12.63069611,11750,1.857850597
Mariana Islands,2017,,,,0,0,5117,0,472,0,4644,0
Maryland,2017,MD,South,6023868,0.018535803,0.048759602,32131,180.1576359,25142,140.9705046,6990,39.19273833
Massachusetts,2017,MA,Northeast,6859789,0.021107982,0.122366786,27336,240.207309,20202,177.5193173,7134,62.68799176
Michigan,2017,MI,Midwest,9973114,0.03068787,0.146390507,250487,39.43322408,146435,23.05270999,104052,16.38051409
Minnesota,2017,MN,Midwest,5566230,0.017127624,0.081703992,225163,23.58659282,206232,21.60350595,18930,1.982982116
Mississippi,2017,MS,South,2988510,0.009195825,0.024190198,125438,23.68140436,121531,22.94380294,3907,0.737601419
Missouri,2017,MO,Midwest,6106670,0.01879059,0.089636849,180540,33.21133267,178040,32.75144383,2501,0.460072798
Montana,2017,MT,West,1052482,0.00323855,0.01362307,380831,2.601408499,376962,2.574979848,3869,0.026428651
Nebraska,2017,NE,Midwest,1915947,0.005895484,0.028123257,200330,9.132641142,198974,9.070823834,1356,0.061817308
Nevada,2017,NV,West,2969905,0.009138576,0.038441725,286380,9.436430617,284332,9.368947518,2048,0.067483099
New Hampshire,2017,NH,Northeast,1348787,0.004150299,0.02406003,24214,54.38019328,23187,52.07374005,1027,2.306453229
New Jersey,2017,NJ,Northeast,8885525,0.027341293,0.158502416,22591,389.5111328,19047,328.405938,3544,61.10519474
New Mexico,2017,NM,West,2091784,0.006436545,0.027075541,314917,6.555860751,314161,6.540122538,757,0.01575903
New York,2017,NY,Northeast,19589572,0.060278288,0.349444124,141297,137.2985838,122057,118.6030365,19240,18.69554734
North Carolina,2017,NC,South,10268233,0.031595969,0.083115194,139391,68.68680905,125920,62.04879078,13471,6.63801827
North Dakota,2017,ND,Midwest,754942,0.002323002,0.011081428,183108,3.684792581,178711,3.596309102,4397,0.08848348
Ohio,2017,OH,Midwest,11659650,0.035877443,0.171146351,116098,99.39306448,105829,90.60163501,10269,8.791429475
Oklahoma,2017,OK,South,3931316,0.012096895,0.031821648,181037,20.76892569,177660,20.38150951,3377,0.387416175
Oregon,2017,OR,West,4143625,0.012750183,0.05363407,254799,15.06085581,248608,14.69491341,6191,0.365942403
Pennsylvania,2017,PA,Northeast,12787641,0.039348339,0.228109425,119280,106.5657277,115883,103.5308201,3397,3.034907587
Puerto Rico,2017,,,3325286,0.010232105,0,13791,269.8517149,8868,173.5222252,4924,96.34905693
Rhode Island,2017,RI,Northeast,1055673,0.003248369,0.018831383,4001,263.423894,2678,176.3182175,1324,87.17151604
South Carolina,2017,SC,South,5021268,0.015450743,0.040644156,82933,55.89631389,77857,52.47512222,5076,3.421191677
South Dakota,2017,SD,Midwest,872868,0.002685867,0.012812406,199729,4.086367027,196350,4.017234181,3379,0.069132846
Tennessee,2017,TN,South,6708799,0.020643377,0.054303708,109153,58.22387841,106798,56.96768542,2355,1.256192992
Texas,2017,TX,South,28295273,0.087066253,0.229033282,695662,36.28482079,676587,35.28989372,19075,0.994927072
Utah,2017,UT,West,3101042,0.009542092,0.04013913,219882,12.62191539,212818,12.21641967,7064,0.405495722
Vermont,2017,VT,Northeast,624344,0.001921144,0.011137218,24906,25.12964747,23871,24.08535352,1035,1.044293951
Virgin Islands,2017,,,,0,0,1898,0,348,0,1550,0
Virginia,2017,VA,South,8463587,0.026042965,0.068507666,110787,72.42455342,102279,66.86263641,8508,5.561917017
Washington,2017,WA,West,7423362,0.02284213,0.096086185,184661,36.51464034,172119,34.0346006,12542,2.480039744
West Virginia,2017,WV,South,1817004,0.00559103,0.014707559,62756,29.54680031,62259,29.3128026,497,0.233997701
Wisconsin,2017,WI,Midwest,5790186,0.01781675,0.084991334,169635,33.54540631,140268,27.73806734,29367,5.807338976
Wyoming,2017,WY,West,578931,0.001781405,0.007493541,253335,2.228223499,251470,2.211819777,1864,0.016394926
Alabama,2018,AL,South,4887681,0.014961335,0.0392366,135767,35.2474239,131171,34.05422407,4597,1.193459439
Alaska,2018,AK,West,735139,0.002250282,0.00944486,1723337,0.41426024,1477953,0.355274195,245384,0.058986046
Arizona,2018,AZ,West,7158024,0.021910921,0.091964291,295234,21.70201264,294207,21.62652009,1026,0.07541904
Arkansas,2018,AR,South,3009733,0.009212881,0.024161088,137732,21.21485203,134771,20.75876937,2961,0.45608266
California,2018,CA,West,39461588,0.120793076,0.506991447,423967,88.02454436,403466,83.7681018,20501,4.256442563
Colorado,2018,CO,West,5691287,0.017421196,0.073120064,269601,18.72155148,268431,18.64030469,1170,0.081246788
Connecticut,2018,CT,Northeast,3571520,0.010932527,0.063724093,14357,249.2940029,12542,217.7784624,1816,31.53290446
Delaware,2018,DE,South,965479,0.002955359,0.007750529,6446,139.5583307,5047,109.2694532,1399,30.28887755
District of Columbia,2018,DC,South,701547,0.002147456,0.005631775,177,3419.355932,158,3052.306425,19,367.0495068
Florida,2018,FL,South,21244317,0.065029476,0.170541974,170312,110.6530192,138887,90.23595444,31424,20.41641502
Georgia,2018,GA,South,10511131,0.03217488,0.084379697,153910,63.10103957,148959,61.07119585,4951,2.02984372
Guam,2018,,,6861165,0.021002227,0,,#DIV/0!,,#DIV/0!,,#DIV/0!
Hawaii,2018,HI,West,1420593,0.004348477,0.018251382,28313,48.17444284,16635,28.30437808,11678,19.87006476
Idaho,2018,ID,West,1750536,0.005358442,0.022490397,216443,7.257088471,214045,7.176686249,2398,0.080402222
Illinois,2018,IL,Midwest,12723071,0.038945693,0.186455154,149995,85.60620687,143793,82.06655759,6202,3.539649289
Indiana,2018,IN,Midwest,6695497,0.020495112,0.098121745,94326,68.80851515,92789,67.68731116,1537,1.121203992
Iowa,2018,IA,Midwest,3148618,0.009638012,0.046142638,145746,20.93192952,144669,20.7772516,1077,0.15467792
Kansas,2018,KS,Midwest,2911359,0.008911755,0.042665634,213100,13.41243548,211754,13.32771873,1346,0.084716744
Kentucky,2018,KY,South,4461153,0.01365572,0.035812582,104656,41.5473647,102269,40.59975004,2387,0.947614657
Louisiana,2018,LA,South,4659690,0.014263447,0.037406368,135659,33.49967197,111898,27.63212389,23761,5.867548085
Maine,2018,ME,Northeast,1339057,0.004098893,0.023891842,91633,14.4885467,79883,12.63069611,11750,1.857850597
Mariana Islands,2018,,,,0,0,5117,0,472,0,4644,0
Maryland,2018,MD,South,6035802,0.018475767,0.048453315,32131,180.1576359,25142,140.9705046,6990,39.19273833
Massachusetts,2018,MA,Northeast,6882635,0.021067947,0.122801964,27336,240.207309,20202,177.5193173,7134,62.68799176
Michigan,2018,MI,Midwest,9984072,0.030561537,0.146315436,250487,39.43322408,146435,23.05270999,104052,16.38051409
Minnesota,2018,MN,Midwest,5606249,0.017160892,0.08215894,225163,23.58659282,206232,21.60350595,18930,1.982982116
Mississippi,2018,MS,South,2981020,0.009124989,0.02393059,125438,23.68140436,121531,22.94380294,3907,0.737601419
Missouri,2018,MO,Midwest,6121623,0.018738467,0.089711687,180540,33.21133267,178040,32.75144383,2501,0.460072798
Montana,2018,MT,West,1060665,0.003246727,0.013627127,380831,2.601408499,376962,2.574979848,3869,0.026428651
Nebraska,2018,NE,Midwest,1925614,0.005894361,0.028219654,200330,9.132641142,198974,9.070823834,1356,0.061817308
Nevada,2018,NV,West,3027341,0.009266779,0.038894431,286380,9.436430617,284332,9.368947518,2048,0.067483099
New Hampshire,2018,NH,Northeast,1353465,0.004142996,0.024148914,24214,54.38019328,23187,52.07374005,1027,2.306453229
New Jersey,2018,NJ,Northeast,8886025,0.027200383,0.158547027,22591,389.5111328,19047,328.405938,3544,61.10519474
New Mexico,2018,NM,West,2092741,0.006405941,0.026886951,314917,6.555860751,314161,6.540122538,757,0.01575903
New York,2018,NY,Northeast,19530351,0.059782976,0.34846617,141297,137.2985838,122057,118.6030365,19240,18.69554734
North Carolina,2018,NC,South,10381615,0.031778427,0.083339988,139391,68.68680905,125920,62.04879078,13471,6.63801827
North Dakota,2018,ND,Midwest,758080,0.002320505,0.011109576,183108,3.684792581,178711,3.596309102,4397,0.08848348
Ohio,2018,OH,Midwest,11676341,0.035741621,0.171115446,116098,99.39306448,105829,90.60163501,10269,8.791429475
Oklahoma,2018,OK,South,3940235,0.012061175,0.031630834,181037,20.76892569,177660,20.38150951,3377,0.387416175
Oregon,2018,OR,West,4181886,0.012800875,0.053727702,254799,15.06085581,248608,14.69491341,6191,0.365942403
Pennsylvania,2018,PA,Northeast,12800922,0.039183997,0.228397752,119280,106.5657277,115883,103.5308201,3397,3.034907587
Puerto Rico,2018,,,3193354,0.00977495,0,13791,269.8517149,8868,173.5222252,4924,96.34905693
Rhode Island,2018,RI,Northeast,1058287,0.003239447,0.018882263,4001,263.423894,2678,176.3182175,1324,87.17151604
South Carolina,2018,SC,South,5084156,0.01556275,0.040813833,82933,55.89631389,77857,52.47512222,5076,3.421191677
South Dakota,2018,SD,Midwest,878698,0.00268972,0.012877219,199729,4.086367027,196350,4.017234181,3379,0.069132846
Tennessee,2018,TN,South,6771631,0.020728161,0.054360294,109153,58.22387841,106798,56.96768542,2355,1.256192992
Texas,2018,TX,South,28628666,0.087633184,0.229820955,695662,36.28482079,676587,35.28989372,19075,0.994927072
Utah,2018,UT,West,3153550,0.009653109,0.040515928,219882,12.62191539,212818,12.21641967,7064,0.405495722
Vermont,2018,VT,Northeast,624358,0.001911178,0.011139976,24906,25.12964747,23871,24.08535352,1035,1.044293951
Virgin Islands,2018,,,,0,0,1898,0,348,0,1550,0
Virginia,2018,VA,South,8501286,0.026022685,0.068245362,110787,72.42455342,102279,66.86263641,8508,5.561917017
Washington,2018,WA,West,7523869,0.023030783,0.096664565,184661,36.51464034,172119,34.0346006,12542,2.480039744
West Virginia,2018,WV,South,1804291,0.005522988,0.014484219,62756,29.54680031,62259,29.3128026,497,0.233997701
Wisconsin,2018,WI,Midwest,5807406,0.01777664,0.085106873,169635,33.54540631,140268,27.73806734,29367,5.807338976
Wyoming,2018,WY,West,577601,0.001768054,0.007420856,253335,2.228223499,251470,2.211819777,1864,0.016394926
Alabama,2019,AL,South,4903185,0.014937826,0.039044175,135767,35.2474239,131171,34.05422407,4597,1.193459439
Alaska,2019,AK,West,731545,0.002228693,0.009337211,1723337,0.41426024,1477953,0.355274195,245384,0.058986046
Arizona,2019,AZ,West,7278717,0.022175017,0.092903265,295234,21.70201264,294207,21.62652009,1026,0.07541904
Arkansas,2019,AR,South,3017804,0.009193908,0.024030843,137732,21.21485203,134771,20.75876937,2961,0.45608266
California,2019,CA,West,39512223,0.120376189,0.504321644,423967,88.02454436,403466,83.7681018,20501,4.256442563
Colorado,2019,CO,West,5758736,0.01754431,0.073502703,269601,18.72155148,268431,18.64030469,1170,0.081246788
Connecticut,2019,CT,Northeast,3565287,0.010861846,0.063685396,14357,249.2940029,12542,217.7784624,1816,31.53290446
Delaware,2019,DE,South,973764,0.002966626,0.007754105,6446,139.5583307,5047,109.2694532,1399,30.28887755
District of Columbia,2019,DC,South,705749,0.002150104,0.005619896,177,3419.355932,158,3052.306425,19,367.0495068
Florida,2019,FL,South,21477737,0.065433123,0.171027714,170312,110.6530192,138887,90.23595444,31424,20.41641502
Georgia,2019,GA,South,10617423,0.032346571,0.084546784,153910,63.10103957,148959,61.07119585,4951,2.02984372
Guam,2019,,,6892503,0.020998395,0,,#DIV/0!,,#DIV/0!,,#DIV/0!
Hawaii,2019,HI,West,1415872,0.004313533,0.018071747,28313,48.17444284,16635,28.30437808,11678,19.87006476
Idaho,2019,ID,West,1787065,0.005444393,0.022809538,216443,7.257088471,214045,7.176686249,2398,0.080402222
Illinois,2019,IL,Midwest,12671821,0.038605409,0.185453033,149995,85.60620687,143793,82.06655759,6202,3.539649289
Indiana,2019,IN,Midwest,6732219,0.02051008,0.09852652,94326,68.80851515,92789,67.68731116,1537,1.121203992
Iowa,2019,IA,Midwest,3155070,0.009612097,0.046174682,145746,20.93192952,144669,20.7772516,1077,0.15467792
Kansas,2019,KS,Midwest,2913314,0.008875573,0.042636565,213100,13.41243548,211754,13.32771873,1346,0.084716744
Kentucky,2019,KY,South,4467673,0.013611015,0.035576183,104656,41.5473647,102269,40.59975004,2387,0.947614657
Louisiana,2019,LA,South,4648794,0.01416281,0.037018454,135659,33.49967197,111898,27.63212389,23761,5.867548085
Maine,2019,ME,Northeast,1344212,0.004095217,0.024011159,91633,14.4885467,79883,12.63069611,11750,1.857850597
Mariana Islands,2019,,,,0,0,5117,0,472,0,4644,0
Maryland,2019,MD,South,6045680,0.018418501,0.048141889,32131,180.1576359,25142,140.9705046,6990,39.19273833
Massachusetts,2019,MA,Northeast,6892503,0.020998395,0.123118219,27336,240.207309,20202,177.5193173,7134,62.68799176
Michigan,2019,MI,Midwest,9986857,0.030425516,0.146158387,250487,39.43322408,146435,23.05270999,104052,16.38051409
Minnesota,2019,MN,Midwest,5639632,0.017181453,0.082536429,225163,23.58659282,206232,21.60350595,18930,1.982982116
Mississippi,2019,MS,South,2976149,0.009067004,0.023699143,125438,23.68140436,121531,22.94380294,3907,0.737601419
Missouri,2019,MO,Midwest,6137428,0.018698016,0.08982171,180540,33.21133267,178040,32.75144383,2501,0.460072798
Montana,2019,MT,West,1068778,0.003256092,0.013641548,380831,2.601408499,376962,2.574979848,3869,0.026428651
Nebraska,2019,NE,Midwest,1934408,0.005893282,0.028310203,200330,9.132641142,198974,9.070823834,1356,0.061817308
Nevada,2019,NV,West,3080156,0.009383867,0.039314147,286380,9.436430617,284332,9.368947518,2048,0.067483099
New Hampshire,2019,NH,Northeast,1359711,0.004142435,0.024288012,24214,54.38019328,23187,52.07374005,1027,2.306453229
New Jersey,2019,NJ,Northeast,8882190,0.027060087,0.158659258,22591,389.5111328,19047,328.405938,3544,61.10519474
New Mexico,2019,NM,West,2096829,0.006388106,0.026763269,314917,6.555860751,314161,6.540122538,757,0.01575903
New York,2019,NY,Northeast,19453561,0.059266358,0.347491729,141297,137.2985838,122057,118.6030365,19240,18.69554734
North Carolina,2019,NC,South,10488084,0.031952532,0.083516854,139391,68.68680905,125920,62.04879078,13471,6.63801827
North Dakota,2019,ND,Midwest,762062,0.002321664,0.011152833,183108,3.684792581,178711,3.596309102,4397,0.08848348
Ohio,2019,OH,Midwest,11689100,0.035611495,0.171070838,116098,99.39306448,105829,90.60163501,10269,8.791429475
Oklahoma,2019,OK,South,3956971,0.012055133,0.031509451,181037,20.76892569,177660,20.38150951,3377,0.387416175
Oregon,2019,OR,West,4217737,0.012849571,0.053833875,254799,15.06085581,248608,14.69491341,6191,0.365942403
Pennsylvania,2019,PA,Northeast,12801989,0.039001973,0.228677171,119280,106.5657277,115883,103.5308201,3397,3.034907587
Puerto Rico,2019,,,3193694,0.009729767,0,13791,269.8517149,8868,173.5222252,4924,96.34905693
Rhode Island,2019,RI,Northeast,1059361,0.003227402,0.018922972,4001,263.423894,2678,176.3182175,1324,87.17151604
South Carolina,2019,SC,South,5148714,0.015685844,0.040999328,82933,55.89631389,77857,52.47512222,5076,3.421191677
South Dakota,2019,SD,Midwest,884659,0.002695163,0.01294705,199729,4.086367027,196350,4.017234181,3379,0.069132846
Tennessee,2019,TN,South,6829174,0.020805459,0.05438087,109153,58.22387841,106798,56.96768542,2355,1.256192992
Texas,2019,TX,South,28995881,0.088337567,0.230894868,695662,36.28482079,676587,35.28989372,19075,0.994927072
Utah,2019,UT,West,3205958,0.00976713,0.040919844,219882,12.62191539,212818,12.21641967,7064,0.405495722
Vermont,2019,VT,Northeast,623989,0.001901017,0.011146084,24906,25.12964747,23871,24.08535352,1035,1.044293951
Virgin Islands,2019,,,,0,0,1898,0,348,0,1550,0
Virginia,2019,VA,South,8535519,0.026003934,0.067968534,110787,72.42455342,102279,66.86263641,8508,5.561917017
Washington,2019,WA,West,7614893,0.023199196,0.09719411,184661,36.51464034,172119,34.0346006,12542,2.480039744
West Virginia,2019,WV,South,1792147,0.005459876,0.014270908,62756,29.54680031,62259,29.3128026,497,0.233997701
Wisconsin,2019,WI,Midwest,5822434,0.01773837,0.08521175,169635,33.54540631,140268,27.73806734,29367,5.807338976
Wyoming,2019,WY,West,578759,0.001763222,0.007387099,253335,2.228223499,251470,2.211819777,1864,0.016394926
